17,http://example.com/country/id/17
16,http://example.com/country/id/16
29,http://example.com/country/id/29
20,http://example.com/country/id/20
28,http://example.com/country/id/28
35,http://example.com/country/id/35
30,http://example.com/country/id/30
32,http://example.com/country/id/32
41,http://example.com/country/id/41
33,http://example.com/country/id/33
43,http://example.com/country/id/43
31,http://example.com/country/id/31
34,http://example.com/country/id/34
36,http://example.com/country/id/36
114,http://example.com/country/id/114
115,http://example.com/country/id/115
37,http://example.com/country/id/37
38,http://example.com/country/id/38
39,http://example.com/country/id/39
189,http://example.com/country/id/189
117,http://example.com/country/id/117
45,http://example.com/country/id/45
40,http://example.com/country/id/40
213,http://example.com/country/id/213
191,http://example.com/country/id/191
215,http://example.com/country/id/215
55,http://example.com/country/id/55
218,http://example.com/country/id/218
77,http://example.com/country/id/77
219,http://example.com/country/id/219
221,http://example.com/country/id/221
79,http://example.com/country/id/79
96,http://example.com/country/id/96
142,http://example.com/country/id/142
232,http://example.com/country/id/232
145,http://example.com/country/id/145
238,http://example.com/country/id/238
242,http://example.com/country/id/242
148,http://example.com/country/id/148
155,http://example.com/country/id/155
244,http://example.com/country/id/244
258,http://example.com/country/id/258
334,http://example.com/country/id/334
183,http://example.com/country/id/183
159,http://example.com/country/id/159
423,http://example.com/country/id/423
184,http://example.com/country/id/184
424,http://example.com/country/id/424
657,http://example.com/country/id/657
672,http://example.com/country/id/672
211,http://example.com/country/id/211
678,http://example.com/country/id/678
212,http://example.com/country/id/212
214,http://example.com/country/id/214
685,http://example.com/country/id/685
683,http://example.com/country/id/683
691,http://example.com/country/id/691
217,http://example.com/country/id/217
697,http://example.com/country/id/697
222,http://example.com/country/id/222
709,http://example.com/country/id/709
712,http://example.com/country/id/712
224,http://example.com/country/id/224
730,http://example.com/country/id/730
225,http://example.com/country/id/225
733,http://example.com/country/id/733
227,http://example.com/country/id/227
734,http://example.com/country/id/734
736,http://example.com/country/id/736
739,http://example.com/country/id/739
228,http://example.com/country/id/228
754,http://example.com/country/id/754
229,http://example.com/country/id/229
757,http://example.com/country/id/757
233,http://example.com/country/id/233
763,http://example.com/country/id/763
235,http://example.com/country/id/235
774,http://example.com/country/id/774
766,http://example.com/country/id/766
236,http://example.com/country/id/236
781,http://example.com/country/id/781
241,http://example.com/country/id/241
792,http://example.com/country/id/792
252,http://example.com/country/id/252
796,http://example.com/country/id/796
810,http://example.com/country/id/810
811,http://example.com/country/id/811
262,http://example.com/country/id/262
265,http://example.com/country/id/265
813,http://example.com/country/id/813
817,http://example.com/country/id/817
298,http://example.com/country/id/298
826,http://example.com/country/id/826
347,http://example.com/country/id/347
833,http://example.com/country/id/833
836,http://example.com/country/id/836
398,http://example.com/country/id/398
837,http://example.com/country/id/837
399,http://example.com/country/id/399
843,http://example.com/country/id/843
403,http://example.com/country/id/403
851,http://example.com/country/id/851
874,http://example.com/country/id/874
854,http://example.com/country/id/854
408,http://example.com/country/id/408
881,http://example.com/country/id/881
917,http://example.com/country/id/917
574,http://example.com/country/id/574
419,http://example.com/country/id/419
921,http://example.com/country/id/921
414,http://example.com/country/id/414
924,http://example.com/country/id/924
664,http://example.com/country/id/664
928,http://example.com/country/id/928
948,http://example.com/country/id/948
668,http://example.com/country/id/668
686,http://example.com/country/id/686
953,http://example.com/country/id/953
954,http://example.com/country/id/954
710,http://example.com/country/id/710
958,http://example.com/country/id/958
963,http://example.com/country/id/963
711,http://example.com/country/id/711
717,http://example.com/country/id/717
965,http://example.com/country/id/965
750,http://example.com/country/id/750
967,http://example.com/country/id/967
983,http://example.com/country/id/983
1006,http://example.com/country/id/1006
760,http://example.com/country/id/760
1008,http://example.com/country/id/1008
769,http://example.com/country/id/769
1009,http://example.com/country/id/1009
778,http://example.com/country/id/778
1011,http://example.com/country/id/1011
1013,http://example.com/country/id/1013
783,http://example.com/country/id/783
1020,http://example.com/country/id/1020
1025,http://example.com/country/id/1025
784,http://example.com/country/id/784
786,http://example.com/country/id/786
790,http://example.com/country/id/790
1027,http://example.com/country/id/1027
1029,http://example.com/country/id/1029
800,http://example.com/country/id/800
1036,http://example.com/country/id/1036
1030,http://example.com/country/id/1030
794,http://example.com/country/id/794
1037,http://example.com/country/id/1037
801,http://example.com/country/id/801
1039,http://example.com/country/id/1039
1041,http://example.com/country/id/1041
804,http://example.com/country/id/804
1045,http://example.com/country/id/1045
805,http://example.com/country/id/805
1050,http://example.com/country/id/1050
3359409,http://example.com/country/id/3359409
842,http://example.com/country/id/842
819,http://example.com/country/id/819
846,http://example.com/country/id/846
858,http://example.com/country/id/858
863,http://example.com/country/id/863
869,http://example.com/country/id/869
878,http://example.com/country/id/878
884,http://example.com/country/id/884
889,http://example.com/country/id/889
902,http://example.com/country/id/902
912,http://example.com/country/id/912
916,http://example.com/country/id/916
929,http://example.com/country/id/929
945,http://example.com/country/id/945
962,http://example.com/country/id/962
970,http://example.com/country/id/970
977,http://example.com/country/id/977
986,http://example.com/country/id/986
1000,http://example.com/country/id/1000
1005,http://example.com/country/id/1005
1007,http://example.com/country/id/1007
1014,http://example.com/country/id/1014
1016,http://example.com/country/id/1016
1032,http://example.com/country/id/1032
1019,http://example.com/country/id/1019
1033,http://example.com/country/id/1033
1042,http://example.com/country/id/1042
1044,http://example.com/country/id/1044
1049,http://example.com/country/id/1049
22890,http://example.com/country/id/22890
237,http://example.com/country/id/237