4519w,http://www.wikidata.org/entity/Q4519,Succeeded
4523w,http://www.wikidata.org/entity/Q4523,Succeeded
5908w,http://www.wikidata.org/entity/Q5908,Succeeded
4520w,http://www.wikidata.org/entity/Q4520,Succeeded
4522w,http://www.wikidata.org/entity/Q4522,Succeeded
237w,http://www.wikidata.org/entity/Q237,Succeeded
5859w,http://www.wikidata.org/entity/Q5859,Succeeded
22720w,http://www.wikidata.org/entity/Q22720,Succeeded
9278w,http://www.wikidata.org/entity/Q9278,Succeeded
5788w,http://www.wikidata.org/entity/Q1092014,Succeeded
22889w,http://www.wikidata.org/entity/Q22889,Succeeded
4132w,http://www.wikidata.org/entity/Q4132,Succeeded
5595w,http://www.wikidata.org/entity/Q5595,Succeeded
9141w,http://www.wikidata.org/entity/Q9141,Succeeded
5724w,http://www.wikidata.org/entity/Q5724,Succeeded
172613w,http://www.wikidata.org/entity/Q172613,Succeeded
156675w,http://www.wikidata.org/entity/Q156675,Succeeded
1070w,http://www.wikidata.org/entity/Q1070,Succeeded
131377w,http://www.wikidata.org/entity/Q131377,Succeeded
19094w,http://www.wikidata.org/entity/Q19094,Succeeded
9900w,http://www.wikidata.org/entity/Q9900,Succeeded
29317w,http://www.wikidata.org/entity/Q29317,Succeeded
26732w,http://www.wikidata.org/entity/Q26732,Succeeded
23800w,http://www.wikidata.org/entity/Q23800,Succeeded
43286w,http://www.wikidata.org/entity/Q43286,Succeeded
5747w,http://www.wikidata.org/entity/Q5747,Succeeded
174779w,http://www.wikidata.org/entity/Q174779,Succeeded
8399w,http://www.wikidata.org/entity/Q8399,Succeeded
31347w,http://www.wikidata.org/entity/Q31347,Succeeded
28361w,http://www.wikidata.org/entity/Q28361,Succeeded
43278w,http://www.wikidata.org/entity/Q43278,Succeeded
48608w,http://www.wikidata.org/entity/Q48608,Succeeded
3642w,http://www.wikidata.org/entity/Q3642,Succeeded
4527w,http://www.wikidata.org/entity/Q4527,Succeeded
188617w,http://www.wikidata.org/entity/Q188617,Succeeded
162835w,http://www.wikidata.org/entity/Q162835,Succeeded
166479w,http://www.wikidata.org/entity/Q823531,Succeeded
192764w,http://www.wikidata.org/entity/Q192764,Succeeded
72895w,http://www.wikidata.org/entity/Q72895,Succeeded
171857w,http://www.wikidata.org/entity/Q171857,Succeeded
170047w,http://www.wikidata.org/entity/Q170047,Succeeded
129072w,http://www.wikidata.org/entity/Q129072,Succeeded
189849w,http://www.wikidata.org/entity/Q189849,Succeeded
210610w,http://www.wikidata.org/entity/Q210610,Succeeded
192201w,http://www.wikidata.org/entity/Q192201,Succeeded
215315w,http://www.wikidata.org/entity/Q215315,Succeeded
190048w,http://www.wikidata.org/entity/Q190048,Succeeded
143042w,http://www.wikidata.org/entity/Q143042,Succeeded
153430w,http://www.wikidata.org/entity/Q153430,Succeeded
192493w,http://www.wikidata.org/entity/Q192493,Succeeded
208559w,http://www.wikidata.org/entity/Q208559,Succeeded
191504w,http://www.wikidata.org/entity/Q191504,Succeeded
138170w,http://www.wikidata.org/entity/Q138170,Succeeded
71279w,http://www.wikidata.org/entity/Q71279,Succeeded
127754w,http://www.wikidata.org/entity/Q127754,Succeeded
244347w,http://www.wikidata.org/entity/Q244347,Succeeded
240832w,http://www.wikidata.org/entity/Q240832,Succeeded
277540w,http://www.wikidata.org/entity/Q277540,Succeeded
260465w,http://www.wikidata.org/entity/Q260465,Succeeded
156316w,http://www.wikidata.org/entity/Q156316,Succeeded
239028w,http://www.wikidata.org/entity/Q239028,Succeeded
242176w,http://www.wikidata.org/entity/Q242176,Succeeded
223589w,http://www.wikidata.org/entity/Q223589,Succeeded
230025w,http://www.wikidata.org/entity/Q230025,Succeeded
189616w,http://www.wikidata.org/entity/Q189616,Succeeded
188754w,http://www.wikidata.org/entity/Q188754,Succeeded
214827w,http://www.wikidata.org/entity/Q214827,Succeeded
192522w,http://www.wikidata.org/entity/Q192522,Succeeded
477462w,http://www.wikidata.org/entity/Q477462,Succeeded
207985w,http://www.wikidata.org/entity/Q207985,Succeeded
209705w,http://www.wikidata.org/entity/Q209705,Succeeded
203197w,http://www.wikidata.org/entity/Q203197,Succeeded
391496w,http://www.wikidata.org/entity/Q391496,Succeeded
210055w,http://www.wikidata.org/entity/Q210055,Succeeded
193325w,http://www.wikidata.org/entity/Q193325,Succeeded
193241w,http://www.wikidata.org/entity/Q193241,Succeeded
391229w,http://www.wikidata.org/entity/Q391229,Succeeded
391391w,http://www.wikidata.org/entity/Q391391,Succeeded
278908w,http://www.wikidata.org/entity/Q278908,Succeeded
217449w,http://www.wikidata.org/entity/Q217449,Succeeded
319821w,http://www.wikidata.org/entity/Q319821,Succeeded
310719w,http://www.wikidata.org/entity/Q310719,Succeeded
319296w,http://www.wikidata.org/entity/Q319296,Succeeded
207692w,http://www.wikidata.org/entity/Q207692,Succeeded
200521w,http://www.wikidata.org/entity/Q200521,Succeeded
192518w,http://www.wikidata.org/entity/Q192518,Succeeded
207917w,http://www.wikidata.org/entity/Q207917,Succeeded
501833w,http://www.wikidata.org/entity/Q501833,Succeeded
500376w,http://www.wikidata.org/entity/Q500376,Succeeded
272153w,http://www.wikidata.org/entity/Q272153,Succeeded
253241w,http://www.wikidata.org/entity/Q253241,Succeeded
500367w,http://www.wikidata.org/entity/Q500367,Succeeded
559363w,http://www.wikidata.org/entity/Q559363,Succeeded
237128w,http://www.wikidata.org/entity/Q237128,Succeeded
239748w,http://www.wikidata.org/entity/Q239748,Succeeded
242681w,http://www.wikidata.org/entity/Q242681,Succeeded
273456w,http://www.wikidata.org/entity/Q273456,Succeeded
372093w,http://www.wikidata.org/entity/Q372093,Succeeded
379759w,http://www.wikidata.org/entity/Q379759,Succeeded
391338w,http://www.wikidata.org/entity/Q391338,Succeeded
202845w,http://www.wikidata.org/entity/Q202845,Succeeded
208181w,http://www.wikidata.org/entity/Q208181,Succeeded
680322w,http://www.wikidata.org/entity/Q680322,Succeeded
277683w,http://www.wikidata.org/entity/Q277683,Succeeded
830805w,http://www.wikidata.org/entity/Q830805,Succeeded
852085w,http://www.wikidata.org/entity/Q852085,Succeeded
214007w,http://www.wikidata.org/entity/Q214007,Succeeded
210678w,http://www.wikidata.org/entity/Q210678,Succeeded
466614w,http://www.wikidata.org/entity/Q466614,Succeeded
216059w,http://www.wikidata.org/entity/Q216059,Succeeded
217447w,http://www.wikidata.org/entity/Q217447,Succeeded
546010w,http://www.wikidata.org/entity/Q546010,Succeeded
504315w,http://www.wikidata.org/entity/Q504315,Succeeded
289466w,http://www.wikidata.org/entity/Q289466,Succeeded
318181w,http://www.wikidata.org/entity/Q318181,Succeeded
595802w,http://www.wikidata.org/entity/Q595802,Succeeded
639487w,http://www.wikidata.org/entity/Q639487,Succeeded
464004w,http://www.wikidata.org/entity/Q464004,Succeeded
435829w,http://www.wikidata.org/entity/Q435829,Succeeded
756790w,http://www.wikidata.org/entity/Q756790,Succeeded
535577w,http://www.wikidata.org/entity/Q535577,Succeeded
629210w,http://www.wikidata.org/entity/Q629210,Succeeded
650872w,http://www.wikidata.org/entity/Q650872,Succeeded
584125w,http://www.wikidata.org/entity/Q584125,Succeeded
503823w,http://www.wikidata.org/entity/Q503823,Succeeded
422929w,http://www.wikidata.org/entity/Q422929,Succeeded
330095w,http://www.wikidata.org/entity/Q330095,Succeeded
477157w,http://www.wikidata.org/entity/Q477157,Succeeded
471765w,http://www.wikidata.org/entity/Q777970,Succeeded
9055979w,http://www.wikidata.org/entity/Q9055979,Succeeded
379652w,http://www.wikidata.org/entity/Q379652,Succeeded
374096w,http://www.wikidata.org/entity/Q374096,Succeeded
328577w,http://www.wikidata.org/entity/Q328577,Succeeded
743108w,http://www.wikidata.org/entity/Q743108,Succeeded
752091w,http://www.wikidata.org/entity/Q752091,Succeeded
752181w,http://www.wikidata.org/entity/Q752181,Succeeded
828071w,http://www.wikidata.org/entity/Q828071,Succeeded
787425w,http://www.wikidata.org/entity/Q787425,Succeeded
732554w,http://www.wikidata.org/entity/Q732554,Succeeded
723999w,http://www.wikidata.org/entity/Q723999,Succeeded
276553w,http://www.wikidata.org/entity/Q276553,Succeeded
569766w,http://www.wikidata.org/entity/Q569766,Succeeded
478707w,http://www.wikidata.org/entity/Q478707,Succeeded
464695w,http://www.wikidata.org/entity/Q464695,Succeeded
464913w,http://www.wikidata.org/entity/Q464913,Succeeded
924276w,http://www.wikidata.org/entity/Q924276,Succeeded
941412w,http://www.wikidata.org/entity/Q941412,Succeeded
744420w,http://www.wikidata.org/entity/Q744420,Succeeded
1123956w,http://www.wikidata.org/entity/Q1123956,Succeeded
1025100w,http://www.wikidata.org/entity/Q1025100,Succeeded
1569783w,http://www.wikidata.org/entity/Q1569783,Succeeded
646076w,http://www.wikidata.org/entity/Q646076,Succeeded
3522747w,http://www.wikidata.org/entity/Q3522747,Succeeded
853364w,http://www.wikidata.org/entity/Q853364,Succeeded
923894w,http://www.wikidata.org/entity/Q753459,Succeeded
645157w,http://www.wikidata.org/entity/Q645157,Succeeded
621498w,http://www.wikidata.org/entity/Q621498,Succeeded
213988w,http://www.wikidata.org/entity/Q213988,Succeeded
235878w,http://www.wikidata.org/entity/Q235878,Succeeded
1139084w,http://www.wikidata.org/entity/Q1139084,Succeeded
828291w,http://www.wikidata.org/entity/Q828291,Succeeded
834893w,http://www.wikidata.org/entity/Q834893,Succeeded
1443478w,http://www.wikidata.org/entity/Q1443478,Succeeded
2328849w,http://www.wikidata.org/entity/Q2328849,Succeeded
2727469w,http://www.wikidata.org/entity/Q2727469,Succeeded
726842w,http://www.wikidata.org/entity/Q726842,Succeeded
733676w,http://www.wikidata.org/entity/Q733676,Succeeded
863815w,http://www.wikidata.org/entity/Q863815,Succeeded
934627w,http://www.wikidata.org/entity/Q934627,Succeeded
1141003w,http://www.wikidata.org/entity/Q1141003,Succeeded
11812902w,http://www.wikidata.org/entity/Q11812902,Succeeded
1541665w,http://www.wikidata.org/entity/Q1541665,Succeeded
277525w,http://www.wikidata.org/entity/Q277525,Succeeded
1353292w,http://www.wikidata.org/entity/Q1353292,Succeeded
909755w,http://www.wikidata.org/entity/Q909755,Succeeded
936285w,http://www.wikidata.org/entity/Q936285,Succeeded
2021552w,http://www.wikidata.org/entity/Q2021552,Succeeded
1780249w,http://www.wikidata.org/entity/Q1780249,Succeeded
828417w,http://www.wikidata.org/entity/Q828417,Succeeded
755514w,http://www.wikidata.org/entity/Q755514,Succeeded
309426w,http://www.wikidata.org/entity/Q309426,Succeeded
308805w,http://www.wikidata.org/entity/Q308805,Succeeded
1453235w,http://www.wikidata.org/entity/Q1453235,Succeeded
1217726w,http://www.wikidata.org/entity/Q1217726,Succeeded
55495511w,http://www.wikidata.org/entity/Q55495511,Succeeded
1100964w,http://www.wikidata.org/entity/Q1100964,Succeeded
1026845w,http://www.wikidata.org/entity/Q1026845,Succeeded
1129992w,http://www.wikidata.org/entity/Q1129992,Succeeded
16963852w,http://www.wikidata.org/entity/Q16963852,Succeeded
558514w,http://www.wikidata.org/entity/Q558514,Succeeded
467763w,http://www.wikidata.org/entity/Q467763,Succeeded
4120596w,http://www.wikidata.org/entity/Q4120596,Succeeded
3529269w,http://www.wikidata.org/entity/Q3529269,Succeeded
1075023w,http://www.wikidata.org/entity/Q1075023,Succeeded
970717w,http://www.wikidata.org/entity/Q970717,Succeeded
738657w,http://www.wikidata.org/entity/Q738657,Succeeded
2164885w,http://www.wikidata.org/entity/Q2164885,Succeeded
3125051w,http://www.wikidata.org/entity/Q19858,Succeeded
13220079w,http://www.wikidata.org/entity/Q13220079,Succeeded
13567081w,http://www.wikidata.org/entity/Q13567081,Succeeded
651278w,http://www.wikidata.org/entity/Q651278,Succeeded
722732w,http://www.wikidata.org/entity/Q722732,Succeeded
852546w,http://www.wikidata.org/entity/Q852546,Succeeded
652634w,http://www.wikidata.org/entity/Q652634,Succeeded
715124w,http://www.wikidata.org/entity/Q715124,Succeeded
64433741w,http://www.wikidata.org/entity/Q180918,Succeeded
65130425w,http://www.wikidata.org/entity/Q212773,Succeeded
65096742w,http://www.wikidata.org/entity/Q189657,Succeeded
19605615w,http://www.wikidata.org/entity/Q19605615,Succeeded
17013603w,http://www.wikidata.org/entity/Q17013603,Succeeded
29561578w,http://www.wikidata.org/entity/Q29561578,Succeeded
16963755w,http://www.wikidata.org/entity/Q404200,Succeeded
2211959w,http://www.wikidata.org/entity/Q2211959,Succeeded
1790760w,http://www.wikidata.org/entity/Q1790760,Succeeded
2268839w,http://www.wikidata.org/entity/Q2268839,Succeeded
2114279w,http://www.wikidata.org/entity/Q2114279,Succeeded
1756286w,http://www.wikidata.org/entity/Q1756286,Succeeded
64798261w,http://www.wikidata.org/entity/Q834521,Succeeded
209643w,http://www.wikidata.org/entity/Q209643,Succeeded
904128w,http://www.wikidata.org/entity/Q904128,Succeeded
28416w,http://www.wikidata.org/entity/Q28416,Succeeded
69307w,http://www.wikidata.org/entity/Q69307,Succeeded
126084w,http://www.wikidata.org/entity/Q126084,Succeeded
213237w,http://www.wikidata.org/entity/Q213237,Succeeded
757067w,http://www.wikidata.org/entity/Q757067,Succeeded
4513w,http://www.wikidata.org/entity/Q4513,Succeeded
64495118w,http://www.wikidata.org/entity/Q295408,Succeeded
64590476w,http://www.wikidata.org/entity/Q26080,Succeeded
64705295w,http://www.wikidata.org/entity/Q812731,Succeeded
64705500w,http://www.wikidata.org/entity/Q4827740,Succeeded
267394w,http://www.wikidata.org/entity/Q267394,Succeeded
220289w,http://www.wikidata.org/entity/Q220289,Succeeded
3380656w,http://www.wikidata.org/entity/Q3380656,Succeeded
48815268w,http://www.wikidata.org/entity/Q48815268,Succeeded
23513w,http://www.wikidata.org/entity/Q23513,Succeeded
19611498w,http://www.wikidata.org/entity/Q19611498,Succeeded
20474885w,http://www.wikidata.org/entity/Q20474885,Succeeded
65954007w,http://www.wikidata.org/entity/Q7533310,Succeeded
489229w,http://www.wikidata.org/entity/Q484448,Succeeded
26267357w,http://www.wikidata.org/entity/Q26267357,Succeeded
500397w,http://www.wikidata.org/entity/Q500397,Succeeded
273834w,http://www.wikidata.org/entity/Q273834,Succeeded
272771w,http://www.wikidata.org/entity/Q272771,Succeeded
22647w,http://www.wikidata.org/entity/Q22647,Succeeded
27985w,http://www.wikidata.org/entity/Q27985,Succeeded
27964w,http://www.wikidata.org/entity/Q27964,Succeeded
305169w,http://www.wikidata.org/entity/Q305169,Succeeded
106627478w,http://www.wikidata.org/entity/Q5189702,Succeeded
64617589w,http://www.wikidata.org/entity/Q207945,Succeeded
174139w,http://www.wikidata.org/entity/Q174139,Succeeded
148083w,http://www.wikidata.org/entity/Q148083,Succeeded
23707656w,http://www.wikidata.org/entity/Q23707656,Succeeded
19864478w,http://www.wikidata.org/entity/Q19864478,Succeeded
19871567w,http://www.wikidata.org/entity/Q19871567,Succeeded
66145755w,http://www.wikidata.org/entity/Q12232963,Succeeded
18986w,http://www.wikidata.org/entity/Q18986,Succeeded
159070w,http://www.wikidata.org/entity/Q1774507,Succeeded
64705502w,http://www.wikidata.org/entity/Q936446,Succeeded
64699469w,http://www.wikidata.org/entity/Q47611,Succeeded
64705501w,http://www.wikidata.org/entity/Q4829459,Succeeded
28163477w,http://www.wikidata.org/entity/Q28163477,Succeeded
66057940w,http://www.wikidata.org/entity/Q6417880,Succeeded
66065255w,http://www.wikidata.org/entity/Q195074,Succeeded
151545w,http://www.wikidata.org/entity/Q151545,Succeeded
155743w,http://www.wikidata.org/entity/Q155743,Succeeded
50711w,http://www.wikidata.org/entity/Q50711,Succeeded
422995w,http://www.wikidata.org/entity/Q422995,Succeeded
392365w,http://www.wikidata.org/entity/Q392365,Succeeded
4176w,http://www.wikidata.org/entity/Q4176,Succeeded
575976w,http://www.wikidata.org/entity/Q575976,Succeeded
19838w,http://www.wikidata.org/entity/Q19838,Succeeded
45178w,http://www.wikidata.org/entity/Q45178,Succeeded
44615w,http://www.wikidata.org/entity/Q44615,Succeeded
48605w,http://www.wikidata.org/entity/Q175874,Succeeded
10288w,http://www.wikidata.org/entity/Q10288,Succeeded
7461w,http://www.wikidata.org/entity/Q7461,Succeeded
826452w,http://www.wikidata.org/entity/Q826452,Succeeded
829084w,http://www.wikidata.org/entity/Q829084,Succeeded
390028w,http://www.wikidata.org/entity/Q390028,Succeeded
458821w,http://www.wikidata.org/entity/Q458821,Succeeded
65519172w,http://www.wikidata.org/entity/Q5224997,Succeeded
430626w,http://www.wikidata.org/entity/Q430626,Succeeded
639217w,http://www.wikidata.org/entity/Q639217,Succeeded
186312w,http://www.wikidata.org/entity/Q186312,Succeeded
2015257w,http://www.wikidata.org/entity/Q2015257,Succeeded
1244337w,http://www.wikidata.org/entity/Q1244337,Succeeded
9213w,http://www.wikidata.org/entity/Q9213,Succeeded
18353w,http://www.wikidata.org/entity/Q590461,Succeeded
178813w,http://www.wikidata.org/entity/Q178813,Succeeded
80290w,http://www.wikidata.org/entity/Q80290,Succeeded
61094w,http://www.wikidata.org/entity/Q61094,Succeeded
255079w,http://www.wikidata.org/entity/Q255079,Succeeded
192666w,http://www.wikidata.org/entity/Q192666,Succeeded
746063w,http://www.wikidata.org/entity/Q746063,Succeeded
741636w,http://www.wikidata.org/entity/Q741636,Succeeded
733069w,http://www.wikidata.org/entity/Q733069,Succeeded
307268w,http://www.wikidata.org/entity/Q307268,Succeeded
319841w,http://www.wikidata.org/entity/Q319841,Succeeded
5715w,http://www.wikidata.org/entity/Q16563,Succeeded
36034w,http://www.wikidata.org/entity/Q36034,Succeeded
34102w,http://www.wikidata.org/entity/Q34102,Succeeded
205131w,http://www.wikidata.org/entity/Q205131,Succeeded
867586w,http://www.wikidata.org/entity/Q628139,Succeeded
38411w,http://www.wikidata.org/entity/Q38411,Succeeded
46772w,http://www.wikidata.org/entity/Q46772,Succeeded
5780w,http://www.wikidata.org/entity/Q5780,Succeeded
71229w,http://www.wikidata.org/entity/Q71229,Succeeded
252814w,http://www.wikidata.org/entity/Q252814,Succeeded
333984w,http://www.wikidata.org/entity/Q333984,Succeeded
379080w,http://www.wikidata.org/entity/Q379080,Succeeded
464936w,http://www.wikidata.org/entity/Q464936,Succeeded
338834w,http://www.wikidata.org/entity/Q338834,Succeeded
384463w,http://www.wikidata.org/entity/Q384463,Succeeded
696803w,http://www.wikidata.org/entity/Q696803,Succeeded
719422w,http://www.wikidata.org/entity/Q719422,Succeeded
7343w,http://www.wikidata.org/entity/Q7343,Succeeded
920206w,http://www.wikidata.org/entity/Q920206,Succeeded
389210w,http://www.wikidata.org/entity/Q389210,Succeeded
391215w,http://www.wikidata.org/entity/Q391215,Succeeded
390264w,http://www.wikidata.org/entity/Q390264,Succeeded
46850w,http://www.wikidata.org/entity/Q46850,Succeeded
207945w,http://www.wikidata.org/entity/Q207945,Succeeded
505935w,http://www.wikidata.org/entity/Q505935,Succeeded
650710w,http://www.wikidata.org/entity/Q650710,Succeeded
19865w,http://www.wikidata.org/entity/Q19865,Succeeded
2397751w,http://www.wikidata.org/entity/Q163607,Succeeded
165414w,http://www.wikidata.org/entity/Q165414,Succeeded
180773w,http://www.wikidata.org/entity/Q180773,Succeeded
193989w,http://www.wikidata.org/entity/Q193989,Succeeded
495266w,http://www.wikidata.org/entity/Q495266,Succeeded
134927w,http://www.wikidata.org/entity/Q134927,Succeeded
775154w,http://www.wikidata.org/entity/Q775154,Succeeded
752505w,http://www.wikidata.org/entity/Q752505,Succeeded
625744w,http://www.wikidata.org/entity/Q625744,Succeeded
584285w,http://www.wikidata.org/entity/Q584285,Succeeded
631128w,http://www.wikidata.org/entity/Q631128,Succeeded
13362w,http://www.wikidata.org/entity/Q13362,Succeeded
163607w,http://www.wikidata.org/entity/Q163607,Succeeded
38167074w,http://www.wikidata.org/entity/Q217487,Succeeded
29384w,http://www.wikidata.org/entity/Q29384,Succeeded
550252w,http://www.wikidata.org/entity/Q550252,Succeeded
206823w,http://www.wikidata.org/entity/Q206823,Succeeded
213188w,http://www.wikidata.org/entity/Q213188,Succeeded
47611w,http://www.wikidata.org/entity/Q47611,Succeeded
86486w,http://www.wikidata.org/entity/Q86486,Succeeded
679173w,http://www.wikidata.org/entity/Q679173,Succeeded
711386w,http://www.wikidata.org/entity/Q711386,Succeeded
45690w,http://www.wikidata.org/entity/Q45690,Succeeded
6247w,http://www.wikidata.org/entity/Q6247,Succeeded
47476w,http://www.wikidata.org/entity/Q47476,Succeeded
189764w,http://www.wikidata.org/entity/Q189764,Succeeded
524956w,http://www.wikidata.org/entity/Q524956,Succeeded
522862w,http://www.wikidata.org/entity/Q522862,Succeeded
514069w,http://www.wikidata.org/entity/Q2060988,Succeeded
534596w,http://www.wikidata.org/entity/Q534596,Succeeded
538061w,http://www.wikidata.org/entity/Q538061,Succeeded
651323w,http://www.wikidata.org/entity/Q651323,Succeeded
656334w,http://www.wikidata.org/entity/Q656334,Succeeded
712335w,http://www.wikidata.org/entity/Q712335,Succeeded
664706w,http://www.wikidata.org/entity/Q664706,Succeeded
807733w,http://www.wikidata.org/entity/Q807733,Succeeded
29070w,http://www.wikidata.org/entity/Q29070,Succeeded
201698w,http://www.wikidata.org/entity/Q201698,Succeeded
203241w,http://www.wikidata.org/entity/Q203241,Succeeded
173532w,http://www.wikidata.org/entity/Q173532,Succeeded
275w,http://www.wikidata.org/entity/Q275,Succeeded
641w,http://www.wikidata.org/entity/Q641,Succeeded
277389w,http://www.wikidata.org/entity/Q277389,Succeeded
333661w,http://www.wikidata.org/entity/Q333661,Succeeded
210065w,http://www.wikidata.org/entity/Q210065,Succeeded
213507w,http://www.wikidata.org/entity/Q213507,Succeeded
127963w,http://www.wikidata.org/entity/Q127963,Succeeded
272781w,http://www.wikidata.org/entity/Q272781,Succeeded
257473w,http://www.wikidata.org/entity/Q257473,Succeeded
478471w,http://www.wikidata.org/entity/Q478471,Succeeded
489260w,http://www.wikidata.org/entity/Q489260,Succeeded
625586w,http://www.wikidata.org/entity/Q625586,Succeeded
587371w,http://www.wikidata.org/entity/Q587371,Succeeded
638445w,http://www.wikidata.org/entity/Q638445,Succeeded
643026w,http://www.wikidata.org/entity/Q643026,Succeeded
463735w,http://www.wikidata.org/entity/Q463735,Succeeded
1144760w,http://www.wikidata.org/entity/Q1144760,Succeeded
1075808w,http://www.wikidata.org/entity/Q1075808,Succeeded
1071495w,http://www.wikidata.org/entity/Q1071495,Succeeded
839456w,http://www.wikidata.org/entity/Q839456,Succeeded
839048w,http://www.wikidata.org/entity/Q839048,Succeeded
923921w,http://www.wikidata.org/entity/Q923921,Succeeded
867537w,http://www.wikidata.org/entity/Q867537,Succeeded
893407w,http://www.wikidata.org/entity/Q893407,Succeeded
924769w,http://www.wikidata.org/entity/Q924769,Succeeded
824602w,http://www.wikidata.org/entity/Q824602,Succeeded
826118w,http://www.wikidata.org/entity/Q826118,Succeeded
184427w,http://www.wikidata.org/entity/Q184427,Succeeded
646564w,http://www.wikidata.org/entity/Q646564,Succeeded
660758w,http://www.wikidata.org/entity/Q660758,Succeeded
212205w,http://www.wikidata.org/entity/Q212205,Succeeded
980694w,http://www.wikidata.org/entity/Q980694,Succeeded
929491w,http://www.wikidata.org/entity/Q929491,Succeeded
962846w,http://www.wikidata.org/entity/Q962846,Succeeded
1303856w,http://www.wikidata.org/entity/Q1303856,Succeeded
1351209w,http://www.wikidata.org/entity/Q1351209,Succeeded
1322853w,http://www.wikidata.org/entity/Q1322853,Succeeded
1404282w,http://www.wikidata.org/entity/Q1404282,Succeeded
1414691w,http://www.wikidata.org/entity/Q25114558,Succeeded
1493439w,http://www.wikidata.org/entity/Q1493439,Succeeded
1362222w,http://www.wikidata.org/entity/Q1362222,Succeeded
184534w,http://www.wikidata.org/entity/Q184534,Succeeded
1026982w,http://www.wikidata.org/entity/Q792,Succeeded
917195w,http://www.wikidata.org/entity/Q917195,Succeeded
1208310w,http://www.wikidata.org/entity/Q1208310,Succeeded
1294648w,http://www.wikidata.org/entity/Q1294648,Succeeded
1149782w,http://www.wikidata.org/entity/Q1149782,Succeeded
1157535w,http://www.wikidata.org/entity/Q1157535,Succeeded
178124w,http://www.wikidata.org/entity/Q178124,Succeeded
38888w,http://www.wikidata.org/entity/Q42735,Succeeded
180402w,http://www.wikidata.org/entity/Q180402,Succeeded
816437w,http://www.wikidata.org/entity/Q816437,Succeeded
821860w,http://www.wikidata.org/entity/Q821860,Succeeded
242741w,http://www.wikidata.org/entity/Q242741,Succeeded
229610w,http://www.wikidata.org/entity/Q605842,Succeeded
607668w,http://www.wikidata.org/entity/Q607668,Succeeded
577372w,http://www.wikidata.org/entity/Q577372,Succeeded
499019w,http://www.wikidata.org/entity/Q499019,Succeeded
733344w,http://www.wikidata.org/entity/Q733344,Succeeded
734970w,http://www.wikidata.org/entity/Q734970,Succeeded
732723w,http://www.wikidata.org/entity/Q732723,Succeeded
653180w,http://www.wikidata.org/entity/Q653180,Succeeded
663110w,http://www.wikidata.org/entity/Q663110,Succeeded
643715w,http://www.wikidata.org/entity/Q643715,Succeeded
698448w,http://www.wikidata.org/entity/Q698448,Succeeded
675482w,http://www.wikidata.org/entity/Q675482,Succeeded
701620w,http://www.wikidata.org/entity/Q701620,Succeeded
500720w,http://www.wikidata.org/entity/Q500720,Succeeded
501093w,http://www.wikidata.org/entity/Q501093,Succeeded
501126w,http://www.wikidata.org/entity/Q501126,Succeeded
500061w,http://www.wikidata.org/entity/Q500061,Succeeded
214944w,http://www.wikidata.org/entity/Q214944,Succeeded
986104w,http://www.wikidata.org/entity/Q986104,Succeeded
984315w,http://www.wikidata.org/entity/Q984315,Succeeded
847628w,http://www.wikidata.org/entity/Q847628,Succeeded
503828w,http://www.wikidata.org/entity/Q2107884,Succeeded
505175w,http://www.wikidata.org/entity/Q505175,Succeeded
501153w,http://www.wikidata.org/entity/Q501153,Succeeded
583589w,http://www.wikidata.org/entity/Q583589,Succeeded
700448w,http://www.wikidata.org/entity/Q700448,Succeeded
776113w,http://www.wikidata.org/entity/Q776113,Succeeded
1049348w,http://www.wikidata.org/entity/Q1049348,Succeeded
1048112w,http://www.wikidata.org/entity/Q1048112,Succeeded
1064830w,http://www.wikidata.org/entity/Q1064830,Succeeded
2152707w,http://www.wikidata.org/entity/Q2152707,Succeeded
739802w,http://www.wikidata.org/entity/Q739802,Succeeded
775487w,http://www.wikidata.org/entity/Q748910,Succeeded
272768w,http://www.wikidata.org/entity/Q272768,Succeeded
305044w,http://www.wikidata.org/entity/Q305044,Succeeded
326951w,http://www.wikidata.org/entity/Q326951,Succeeded
931434w,http://www.wikidata.org/entity/Q931434,Succeeded
644490w,http://www.wikidata.org/entity/Q644490,Succeeded
649384w,http://www.wikidata.org/entity/Q649384,Succeeded
217379w,http://www.wikidata.org/entity/Q217379,Succeeded
2096005w,http://www.wikidata.org/entity/Q2096005,Succeeded
2119834w,http://www.wikidata.org/entity/Q2119834,Succeeded
2125633w,http://www.wikidata.org/entity/Q2125633,Succeeded
2256022w,http://www.wikidata.org/entity/Q2256022,Succeeded
2271810w,http://www.wikidata.org/entity/Q2271810,Succeeded
2071706w,http://www.wikidata.org/entity/Q2071706,Succeeded
221716w,http://www.wikidata.org/entity/Q221716,Succeeded
192237w,http://www.wikidata.org/entity/Q192237,Succeeded
318422w,http://www.wikidata.org/entity/Q318422,Succeeded
328488w,http://www.wikidata.org/entity/Q328488,Succeeded
306978w,http://www.wikidata.org/entity/Q306978,Succeeded
1714967w,http://www.wikidata.org/entity/Q1714967,Succeeded
1740891w,http://www.wikidata.org/entity/Q1740891,Succeeded
1013353w,http://www.wikidata.org/entity/Q1013353,Succeeded
1046403w,http://www.wikidata.org/entity/Q1046403,Succeeded
1028566w,http://www.wikidata.org/entity/Q1028566,Succeeded
849517w,http://www.wikidata.org/entity/Q849517,Succeeded
837991w,http://www.wikidata.org/entity/Q837991,Succeeded
394443w,http://www.wikidata.org/entity/Q394443,Succeeded
375634w,http://www.wikidata.org/entity/Q375634,Succeeded
1538637w,http://www.wikidata.org/entity/Q1538637,Succeeded
1570913w,http://www.wikidata.org/entity/Q1570913,Succeeded
1579525w,http://www.wikidata.org/entity/Q1579525,Succeeded
1203429w,http://www.wikidata.org/entity/Q1203429,Succeeded
1186324w,http://www.wikidata.org/entity/Q1186324,Succeeded
1203756w,http://www.wikidata.org/entity/Q1203756,Succeeded
1165035w,http://www.wikidata.org/entity/Q1165035,Succeeded
826551w,http://www.wikidata.org/entity/Q826551,Succeeded
814730w,http://www.wikidata.org/entity/Q814730,Succeeded
958987w,http://www.wikidata.org/entity/Q958987,Succeeded
960301w,http://www.wikidata.org/entity/Q960301,Succeeded
1306513w,http://www.wikidata.org/entity/Q1306513,Succeeded
1347586w,http://www.wikidata.org/entity/Q1347586,Succeeded
1018764w,http://www.wikidata.org/entity/Q1018764,Succeeded
735914w,http://www.wikidata.org/entity/Q735914,Succeeded
733389w,http://www.wikidata.org/entity/Q1362663,Succeeded
751274w,http://www.wikidata.org/entity/Q751274,Succeeded
750190w,http://www.wikidata.org/entity/Q750190,Succeeded
333850w,http://www.wikidata.org/entity/Q333850,Succeeded
928218w,http://www.wikidata.org/entity/Q928218,Succeeded
942422w,http://www.wikidata.org/entity/Q942422,Succeeded
215897w,http://www.wikidata.org/entity/Q215897,Succeeded
1894197w,http://www.wikidata.org/entity/Q1894197,Succeeded
1885375w,http://www.wikidata.org/entity/Q1885375,Succeeded
1902867w,http://www.wikidata.org/entity/Q1902867,Succeeded
2037692w,http://www.wikidata.org/entity/Q2037692,Succeeded
854672w,http://www.wikidata.org/entity/Q16999069,Succeeded
1234019w,http://www.wikidata.org/entity/Q1234019,Succeeded
1202871w,http://www.wikidata.org/entity/Q1202871,Succeeded
1193122w,http://www.wikidata.org/entity/Q1193122,Succeeded
1390044w,http://www.wikidata.org/entity/Q1390044,Succeeded
1449217w,http://www.wikidata.org/entity/Q1449217,Succeeded
1395364w,http://www.wikidata.org/entity/Q1395364,Succeeded
445649w,http://www.wikidata.org/entity/Q445649,Succeeded
842822w,http://www.wikidata.org/entity/Q842822,Succeeded
844841w,http://www.wikidata.org/entity/Q844841,Succeeded
623978w,http://www.wikidata.org/entity/Q623978,Succeeded
540964w,http://www.wikidata.org/entity/Q540964,Succeeded
573209w,http://www.wikidata.org/entity/Q573209,Succeeded
1920259w,http://www.wikidata.org/entity/Q1920259,Succeeded
1963564w,http://www.wikidata.org/entity/Q1963564,Succeeded
1889313w,http://www.wikidata.org/entity/Q1889313,Succeeded
1818061w,http://www.wikidata.org/entity/Q1818061,Succeeded
1133155w,http://www.wikidata.org/entity/Q1133155,Succeeded
1144686w,http://www.wikidata.org/entity/Q1144686,Succeeded
1134454w,http://www.wikidata.org/entity/Q1134454,Succeeded
464942w,http://www.wikidata.org/entity/Q464942,Succeeded
501344w,http://www.wikidata.org/entity/Q501344,Succeeded
2347510w,http://www.wikidata.org/entity/Q2347510,Succeeded
2485097w,http://www.wikidata.org/entity/Q2485097,Succeeded
1765200w,http://www.wikidata.org/entity/Q1765200,Succeeded
1473630w,http://www.wikidata.org/entity/Q1473630,Succeeded
1476235w,http://www.wikidata.org/entity/Q1476235,Succeeded
1494461w,http://www.wikidata.org/entity/Q1494461,Succeeded
1505447w,http://www.wikidata.org/entity/Q1505447,Succeeded
506511w,http://www.wikidata.org/entity/Q506511,Succeeded
917814w,http://www.wikidata.org/entity/Q917814,Succeeded
986750w,http://www.wikidata.org/entity/Q986750,Succeeded
940746w,http://www.wikidata.org/entity/Q940746,Succeeded
3895632w,http://www.wikidata.org/entity/Q3895632,Succeeded
4783879w,http://www.wikidata.org/entity/Q4783879,Succeeded
10345245w,http://www.wikidata.org/entity/Q10345245,Succeeded
10540737w,http://www.wikidata.org/entity/Q10540737,Succeeded
685476w,http://www.wikidata.org/entity/Q685476,Succeeded
650546w,http://www.wikidata.org/entity/Q650546,Succeeded
647958w,http://www.wikidata.org/entity/Q647958,Succeeded
702528w,http://www.wikidata.org/entity/Q702528,Succeeded
697693w,http://www.wikidata.org/entity/Q697693,Succeeded
705035w,http://www.wikidata.org/entity/Q705035,Succeeded
705154w,http://www.wikidata.org/entity/Q705154,Succeeded
1881045w,http://www.wikidata.org/entity/Q1881045,Succeeded
1766106w,http://www.wikidata.org/entity/Q1766106,Succeeded
724484w,http://www.wikidata.org/entity/Q724484,Succeeded
688060w,http://www.wikidata.org/entity/Q688060,Succeeded
2585020w,http://www.wikidata.org/entity/Q2585020,Succeeded
2688899w,http://www.wikidata.org/entity/Q2688899,Succeeded
2942348w,http://www.wikidata.org/entity/Q2942348,Succeeded
1571825w,http://www.wikidata.org/entity/Q1571825,Succeeded
1628962w,http://www.wikidata.org/entity/Q1628962,Succeeded
1539707w,http://www.wikidata.org/entity/Q1539707,Succeeded
1544213w,http://www.wikidata.org/entity/Q1544213,Succeeded
1472544w,http://www.wikidata.org/entity/Q1472544,Succeeded
1881679w,http://www.wikidata.org/entity/Q1881679,Succeeded
1951559w,http://www.wikidata.org/entity/Q1951559,Succeeded
3522009w,http://www.wikidata.org/entity/Q3522009,Succeeded
3748608w,http://www.wikidata.org/entity/Q3748608,Succeeded
461371w,http://www.wikidata.org/entity/Q461371,Succeeded
757114w,http://www.wikidata.org/entity/Q2048164,Succeeded
747875w,http://www.wikidata.org/entity/Q747875,Succeeded
1759226w,http://www.wikidata.org/entity/Q1759226,Succeeded
1764282w,http://www.wikidata.org/entity/Q1764282,Succeeded
1816823w,http://www.wikidata.org/entity/Q1816823,Succeeded
1787362w,http://www.wikidata.org/entity/Q1787362,Succeeded
3076575w,http://www.wikidata.org/entity/Q3076575,Succeeded
3046409w,http://www.wikidata.org/entity/Q3046409,Succeeded
740138w,http://www.wikidata.org/entity/Q740138,Succeeded
3295780w,http://www.wikidata.org/entity/Q1939057,Succeeded
917369w,http://www.wikidata.org/entity/Q917369,Succeeded
911953w,http://www.wikidata.org/entity/Q911953,Succeeded
1180030w,http://www.wikidata.org/entity/Q1180030,Succeeded
12193567w,http://www.wikidata.org/entity/Q12193567,Succeeded
957628w,http://www.wikidata.org/entity/Q957628,Succeeded
1047061w,http://www.wikidata.org/entity/Q1047061,Succeeded
1062357w,http://www.wikidata.org/entity/Q1062357,Succeeded
1075172w,http://www.wikidata.org/entity/Q1075172,Succeeded
1246842w,http://www.wikidata.org/entity/Q1246842,Succeeded
1261870w,http://www.wikidata.org/entity/Q1261870,Succeeded
1427246w,http://www.wikidata.org/entity/Q1427246,Succeeded
938685w,http://www.wikidata.org/entity/Q938685,Succeeded
2722506w,http://www.wikidata.org/entity/Q2721458,Succeeded
2989048w,http://www.wikidata.org/entity/Q2989048,Succeeded
41451w,http://www.wikidata.org/entity/Q41451,Succeeded
29223w,http://www.wikidata.org/entity/Q29223,Succeeded
1614152w,http://www.wikidata.org/entity/Q1614152,Succeeded
1969107w,http://www.wikidata.org/entity/Q1969107,Succeeded
975227w,http://www.wikidata.org/entity/Q975227,Succeeded
980697w,http://www.wikidata.org/entity/Q980697,Succeeded
973175w,http://www.wikidata.org/entity/Q973175,Succeeded
1001352w,http://www.wikidata.org/entity/Q1001352,Succeeded
4237958w,http://www.wikidata.org/entity/Q4237958,Succeeded
5350970w,http://www.wikidata.org/entity/Q5350970,Succeeded
4261227w,http://www.wikidata.org/entity/Q4261227,Succeeded
155414w,http://www.wikidata.org/entity/Q155414,Succeeded
173837w,http://www.wikidata.org/entity/Q173837,Succeeded
142874w,http://www.wikidata.org/entity/Q142874,Succeeded
48108w,http://www.wikidata.org/entity/Q48108,Succeeded
45957w,http://www.wikidata.org/entity/Q45957,Succeeded
6921381w,http://www.wikidata.org/entity/Q6921381,Succeeded
6807544w,http://www.wikidata.org/entity/Q6807544,Succeeded
7214285w,http://www.wikidata.org/entity/Q7214285,Succeeded
7678819w,http://www.wikidata.org/entity/Q7678819,Succeeded
7414296w,http://www.wikidata.org/entity/Q7414296,Succeeded
7499739w,http://www.wikidata.org/entity/Q7499739,Succeeded
2046262w,http://www.wikidata.org/entity/Q2046262,Succeeded
2089258w,http://www.wikidata.org/entity/Q3219865,Succeeded
2248633w,http://www.wikidata.org/entity/Q2248633,Succeeded
2254455w,http://www.wikidata.org/entity/Q2254455,Succeeded
2271780w,http://www.wikidata.org/entity/Q2271780,Succeeded
1405154w,http://www.wikidata.org/entity/Q1405154,Succeeded
1408909w,http://www.wikidata.org/entity/Q1408909,Succeeded
2598094w,http://www.wikidata.org/entity/Q2598094,Succeeded
2796994w,http://www.wikidata.org/entity/Q2796994,Succeeded
2746626w,http://www.wikidata.org/entity/Q2746626,Succeeded
2721458w,http://www.wikidata.org/entity/Q2721458,Succeeded
2513161w,http://www.wikidata.org/entity/Q2513161,Succeeded
2301527w,http://www.wikidata.org/entity/Q2301527,Succeeded
1584958w,http://www.wikidata.org/entity/Q1584958,Succeeded
1648266w,http://www.wikidata.org/entity/Q1648266,Succeeded
1573530w,http://www.wikidata.org/entity/Q1573530,Succeeded
2223706w,http://www.wikidata.org/entity/Q2223706,Succeeded
2392766w,http://www.wikidata.org/entity/Q2392766,Succeeded
2423095w,http://www.wikidata.org/entity/Q2423095,Succeeded
1644597w,http://www.wikidata.org/entity/Q1644597,Succeeded
1646999w,http://www.wikidata.org/entity/Q1646999,Succeeded
66023623w,http://www.wikidata.org/entity/Q180773,Succeeded
1630245w,http://www.wikidata.org/entity/Q1630245,Succeeded
1621200w,http://www.wikidata.org/entity/Q1621200,Succeeded
12747162w,http://www.wikidata.org/entity/Q12747162,Succeeded
6122177w,http://www.wikidata.org/entity/Q6122177,Succeeded
270725w,http://www.wikidata.org/entity/Q270725,Succeeded
3077344w,http://www.wikidata.org/entity/Q3077344,Succeeded
3322194w,http://www.wikidata.org/entity/Q3322194,Succeeded
3058143w,http://www.wikidata.org/entity/Q3058143,Succeeded
3531488w,http://www.wikidata.org/entity/Q3531488,Succeeded
3572667w,http://www.wikidata.org/entity/Q3572667,Succeeded
3524629w,http://www.wikidata.org/entity/Q3524629,Succeeded
5369516w,http://www.wikidata.org/entity/Q5369516,Succeeded
5445622w,http://www.wikidata.org/entity/Q5445622,Succeeded
5642786w,http://www.wikidata.org/entity/Q5642786,Succeeded
1522939w,http://www.wikidata.org/entity/Q1522939,Succeeded
1511531w,http://www.wikidata.org/entity/Q1511531,Succeeded
1516753w,http://www.wikidata.org/entity/Q1516753,Succeeded
1568660w,http://www.wikidata.org/entity/Q12506,Succeeded
3321893w,http://www.wikidata.org/entity/Q3321893,Succeeded
3540839w,http://www.wikidata.org/entity/Q3540839,Succeeded
3342246w,http://www.wikidata.org/entity/Q3342246,Succeeded
3333420w,http://www.wikidata.org/entity/Q3333420,Succeeded
1354033w,http://www.wikidata.org/entity/Q1354033,Succeeded
1254826w,http://www.wikidata.org/entity/Q1254826,Succeeded
2092494w,http://www.wikidata.org/entity/Q2092494,Succeeded
2149036w,http://www.wikidata.org/entity/Q2149036,Succeeded
1354756w,http://www.wikidata.org/entity/Q1354756,Succeeded
1467901w,http://www.wikidata.org/entity/Q1467901,Succeeded
1419214w,http://www.wikidata.org/entity/Q1419214,Succeeded
184284w,http://www.wikidata.org/entity/Q184284,Succeeded
189657w,http://www.wikidata.org/entity/Q189657,Succeeded
4900869w,http://www.wikidata.org/entity/Q4900869,Succeeded
3696259w,http://www.wikidata.org/entity/Q3696259,Succeeded
4817182w,http://www.wikidata.org/entity/Q4817182,Succeeded
11143662w,http://www.wikidata.org/entity/Q11143662,Succeeded
1105244w,http://www.wikidata.org/entity/Q1105244,Succeeded
1145547w,http://www.wikidata.org/entity/Q18168447,Succeeded
1165566w,http://www.wikidata.org/entity/Q1165566,Succeeded
1741475w,http://www.wikidata.org/entity/Q1741475,Succeeded
1760360w,http://www.wikidata.org/entity/Q1760360,Succeeded
1076391w,http://www.wikidata.org/entity/Q13661,Succeeded
1132299w,http://www.wikidata.org/entity/Q1132299,Succeeded
1053880w,http://www.wikidata.org/entity/Q1053880,Succeeded
4516w,http://www.wikidata.org/entity/Q4516,Succeeded
6961477w,http://www.wikidata.org/entity/Q465345,Succeeded
6878730w,http://www.wikidata.org/entity/Q6878722,Succeeded
5910248w,http://www.wikidata.org/entity/Q5910248,Succeeded
5909295w,http://www.wikidata.org/entity/Q6446470,Succeeded
5909702w,http://www.wikidata.org/entity/Q5909702,Succeeded
5911123w,http://www.wikidata.org/entity/Q5911123,Succeeded
6076294w,http://www.wikidata.org/entity/Q6076294,Succeeded
211778w,http://www.wikidata.org/entity/Q211778,Succeeded
5371879w,http://www.wikidata.org/entity/Q5371879,Succeeded
4943787w,http://www.wikidata.org/entity/Q4943787,Succeeded
2483434w,http://www.wikidata.org/entity/Q2483434,Succeeded
2506967w,http://www.wikidata.org/entity/Q2506967,Succeeded
2498312w,http://www.wikidata.org/entity/Q2498312,Succeeded
82859w,http://www.wikidata.org/entity/Q82859,Succeeded
63465w,http://www.wikidata.org/entity/Q63465,Succeeded
54898w,http://www.wikidata.org/entity/Q54898,Succeeded
19833w,http://www.wikidata.org/entity/Q19833,Succeeded
151963w,http://www.wikidata.org/entity/Q151963,Succeeded
12168656w,http://www.wikidata.org/entity/Q12168656,Succeeded
12722321w,http://www.wikidata.org/entity/Q12722321,Succeeded
8189796w,http://www.wikidata.org/entity/Q8189796,Succeeded
8187798w,http://www.wikidata.org/entity/Q8187798,Succeeded
7592228w,http://www.wikidata.org/entity/Q7592228,Succeeded
7562736w,http://www.wikidata.org/entity/Q7562736,Succeeded
273195w,http://www.wikidata.org/entity/Q273195,Succeeded
191763w,http://www.wikidata.org/entity/Q191763,Succeeded
189934w,http://www.wikidata.org/entity/Q189934,Succeeded
207193w,http://www.wikidata.org/entity/Q207193,Succeeded
2338956w,http://www.wikidata.org/entity/Q2338956,Succeeded
2546376w,http://www.wikidata.org/entity/Q2722437,Succeeded
2312403w,http://www.wikidata.org/entity/Q2312403,Succeeded
3585406w,http://www.wikidata.org/entity/Q3585406,Succeeded
3695769w,http://www.wikidata.org/entity/Q3695769,Succeeded
21711238w,http://www.wikidata.org/entity/Q21711238,Succeeded
284340w,http://www.wikidata.org/entity/Q284340,Succeeded
250880w,http://www.wikidata.org/entity/Q267329,Succeeded
286426w,http://www.wikidata.org/entity/Q286426,Succeeded
2278207w,http://www.wikidata.org/entity/Q2278207,Succeeded
2167520w,http://www.wikidata.org/entity/Q2167520,Succeeded
122082w,http://www.wikidata.org/entity/Q122082,Succeeded
505617w,http://www.wikidata.org/entity/Q505617,Succeeded
5609778w,http://www.wikidata.org/entity/Q5609778,Succeeded
12065255w,http://www.wikidata.org/entity/Q12065255,Succeeded
10487604w,http://www.wikidata.org/entity/Q10487604,Succeeded
205832w,http://www.wikidata.org/entity/Q121378,Succeeded
20650454w,http://www.wikidata.org/entity/Q7413341,Succeeded
18087815w,http://www.wikidata.org/entity/Q651323,Succeeded
7148813w,http://www.wikidata.org/entity/Q7148813,Succeeded
6112670w,http://www.wikidata.org/entity/Q6112670,Succeeded
6555424w,http://www.wikidata.org/entity/Q6555424,Succeeded
7494223w,http://www.wikidata.org/entity/Q7494223,Succeeded
7144236w,http://www.wikidata.org/entity/Q7144236,Succeeded
7419595w,http://www.wikidata.org/entity/Q7419595,Succeeded
190165w,http://www.wikidata.org/entity/Q190165,Succeeded
190128w,http://www.wikidata.org/entity/Q190128,Succeeded
28171838w,http://www.wikidata.org/entity/Q28171838,Succeeded
28173467w,http://www.wikidata.org/entity/Q28173467,Succeeded
24811859w,http://www.wikidata.org/entity/Q24811859,Succeeded
27192240w,http://www.wikidata.org/entity/Q120755,Succeeded
24199776w,http://www.wikidata.org/entity/Q1763376,Succeeded
8564779w,http://www.wikidata.org/entity/Q8564779,Succeeded
8348804w,http://www.wikidata.org/entity/Q8348804,Succeeded
7844773w,http://www.wikidata.org/entity/Q7844773,Succeeded
179883w,http://www.wikidata.org/entity/Q179883,Succeeded
5513w,http://www.wikidata.org/entity/Q5513,Succeeded
375604w,http://www.wikidata.org/entity/Q375604,Succeeded
10788178w,http://www.wikidata.org/entity/Q10788178,Succeeded
10949515w,http://www.wikidata.org/entity/Q10949515,Succeeded
8023299w,http://www.wikidata.org/entity/Q8023299,Succeeded
8352475w,http://www.wikidata.org/entity/Q8352475,Succeeded
22669854w,http://www.wikidata.org/entity/Q22669854,Succeeded
645105w,http://www.wikidata.org/entity/Q645105,Succeeded
391406w,http://www.wikidata.org/entity/Q391406,Succeeded
21890658w,http://www.wikidata.org/entity/Q5446919,Succeeded
464899w,http://www.wikidata.org/entity/Q464899,Succeeded
454019w,http://www.wikidata.org/entity/Q454019,Succeeded
16892306w,http://www.wikidata.org/entity/Q16892306,Succeeded
17029168w,http://www.wikidata.org/entity/Q17029168,Succeeded
17212161w,http://www.wikidata.org/entity/Q3418038,Succeeded
477232w,http://www.wikidata.org/entity/Q477232,Succeeded
472588w,http://www.wikidata.org/entity/Q472588,Succeeded
837935w,http://www.wikidata.org/entity/Q837935,Succeeded
620593w,http://www.wikidata.org/entity/Q620593,Succeeded
548153w,http://www.wikidata.org/entity/Q548153,Succeeded
501433w,http://www.wikidata.org/entity/Q501433,Succeeded
517633w,http://www.wikidata.org/entity/Q517633,Succeeded
542944w,http://www.wikidata.org/entity/Q542944,Succeeded
507390w,http://www.wikidata.org/entity/Q507390,Succeeded
1822057w,http://www.wikidata.org/entity/Q1822057,Succeeded
1975614w,http://www.wikidata.org/entity/Q1975614,Succeeded
1972371w,http://www.wikidata.org/entity/Q1972371,Succeeded
1904497w,http://www.wikidata.org/entity/Q1904497,Succeeded
482423w,http://www.wikidata.org/entity/Q482423,Succeeded
49663210w,http://www.wikidata.org/entity/Q25114617,Succeeded
278512w,http://www.wikidata.org/entity/Q278512,Succeeded
274131w,http://www.wikidata.org/entity/Q274131,Succeeded
49641137w,http://www.wikidata.org/entity/Q26448358,Succeeded
1013209w,http://www.wikidata.org/entity/Q1013209,Succeeded
889902w,http://www.wikidata.org/entity/Q889902,Succeeded
60845971w,http://www.wikidata.org/entity/Q60845971,Succeeded
458167w,http://www.wikidata.org/entity/Q458167,Succeeded
391973w,http://www.wikidata.org/entity/Q391973,Succeeded
4334119w,http://www.wikidata.org/entity/Q4334119,Succeeded
284817w,http://www.wikidata.org/entity/Q284817,Succeeded
3477679w,http://www.wikidata.org/entity/Q477653,Succeeded
4359569w,http://www.wikidata.org/entity/Q4359569,Succeeded
748894w,http://www.wikidata.org/entity/Q748894,Succeeded
752218w,http://www.wikidata.org/entity/Q752218,Succeeded
28149649w,http://www.wikidata.org/entity/Q28149649,Succeeded
838928w,http://www.wikidata.org/entity/Q838928,Succeeded
903792w,http://www.wikidata.org/entity/Q903792,Succeeded
914231w,http://www.wikidata.org/entity/Q914231,Succeeded
927108w,http://www.wikidata.org/entity/Q927108,Succeeded
4143781w,http://www.wikidata.org/entity/Q4143781,Succeeded
1106554w,http://www.wikidata.org/entity/Q1106554,Succeeded
1280433w,http://www.wikidata.org/entity/Q1280433,Succeeded
2149114w,http://www.wikidata.org/entity/Q2149114,Succeeded
12881190w,http://www.wikidata.org/entity/Q12881190,Succeeded
12946982w,http://www.wikidata.org/entity/Q12946982,Succeeded
1577600w,http://www.wikidata.org/entity/Q1577600,Succeeded
1630697w,http://www.wikidata.org/entity/Q1630697,Succeeded
1584774w,http://www.wikidata.org/entity/Q1584774,Succeeded
1438648w,http://www.wikidata.org/entity/Q1438648,Succeeded
797120w,http://www.wikidata.org/entity/Q797120,Succeeded
1377456w,http://www.wikidata.org/entity/Q1377456,Succeeded
1340954w,http://www.wikidata.org/entity/Q1340954,Succeeded
1335616w,http://www.wikidata.org/entity/Q1335616,Succeeded
3181816w,http://www.wikidata.org/entity/Q3181816,Succeeded
3182054w,http://www.wikidata.org/entity/Q3182054,Succeeded
3320500w,http://www.wikidata.org/entity/Q3320500,Succeeded
3504601w,http://www.wikidata.org/entity/Q3504601,Succeeded
3313058w,http://www.wikidata.org/entity/Q10280113,Succeeded
25238215w,http://www.wikidata.org/entity/Q25238215,Succeeded
26256588w,http://www.wikidata.org/entity/Q26256588,Succeeded
25039883w,http://www.wikidata.org/entity/Q25039883,Succeeded
12295048w,http://www.wikidata.org/entity/Q12295048,Succeeded
64401905w,http://www.wikidata.org/entity/Q644025,Succeeded
2200748w,http://www.wikidata.org/entity/Q2200748,Succeeded
12088330w,http://www.wikidata.org/entity/Q56064029,Succeeded
1848058w,http://www.wikidata.org/entity/Q1848058,Succeeded
1736171w,http://www.wikidata.org/entity/Q1736171,Succeeded
1785732w,http://www.wikidata.org/entity/Q1785732,Succeeded
1877576w,http://www.wikidata.org/entity/Q1877576,Succeeded
1880010w,http://www.wikidata.org/entity/Q1880010,Succeeded
1026971w,http://www.wikidata.org/entity/Q1026971,Succeeded
1046891w,http://www.wikidata.org/entity/Q1046891,Succeeded
766270w,http://www.wikidata.org/entity/Q766270,Succeeded
756815w,http://www.wikidata.org/entity/Q756815,Succeeded
8048278w,http://www.wikidata.org/entity/Q8048278,Succeeded
8203738w,http://www.wikidata.org/entity/Q8203738,Succeeded
6976461w,http://www.wikidata.org/entity/Q6976461,Succeeded
7069686w,http://www.wikidata.org/entity/Q7069686,Succeeded
43014w,http://www.wikidata.org/entity/Q43014,Succeeded
4920688w,http://www.wikidata.org/entity/Q4920688,Succeeded
5054949w,http://www.wikidata.org/entity/Q5054949,Succeeded
4955532w,http://www.wikidata.org/entity/Q4955532,Succeeded
5443696w,http://www.wikidata.org/entity/Q5443696,Succeeded
5319674w,http://www.wikidata.org/entity/Q5319674,Succeeded
5192604w,http://www.wikidata.org/entity/Q5192604,Succeeded
5371873w,http://www.wikidata.org/entity/Q5371873,Succeeded
39671w,http://www.wikidata.org/entity/Q39671,Succeeded
65131797w,http://www.wikidata.org/entity/Q2855863,Succeeded
25931399w,http://www.wikidata.org/entity/Q25931399,Succeeded
66057939w,http://www.wikidata.org/entity/Q4943331,Succeeded
4688554w,http://www.wikidata.org/entity/Q4688554,Succeeded
2311719w,http://www.wikidata.org/entity/Q2311719,Succeeded
2302162w,http://www.wikidata.org/entity/Q2302162,Succeeded
2299483w,http://www.wikidata.org/entity/Q2299483,Succeeded
2486782w,http://www.wikidata.org/entity/Q2486782,Succeeded
2671145w,http://www.wikidata.org/entity/Q2671145,Succeeded
2562112w,http://www.wikidata.org/entity/Q2562112,Succeeded
651314w,http://www.wikidata.org/entity/Q651314,Succeeded
686773w,http://www.wikidata.org/entity/Q686773,Succeeded
661720w,http://www.wikidata.org/entity/Q661720,Succeeded
726863w,http://www.wikidata.org/entity/Q726863,Succeeded
6549934w,http://www.wikidata.org/entity/Q6549934,Succeeded
4492013w,http://www.wikidata.org/entity/Q7111053,Succeeded
5597433w,http://www.wikidata.org/entity/Q5597433,Succeeded
200200w,http://www.wikidata.org/entity/Q200200,Succeeded
192243w,http://www.wikidata.org/entity/Q192243,Succeeded
55264655w,http://www.wikidata.org/entity/Q1438772,Succeeded
1142337w,http://www.wikidata.org/entity/Q1142337,Succeeded
853265w,http://www.wikidata.org/entity/Q3867357,Succeeded
829483w,http://www.wikidata.org/entity/Q829483,Succeeded
849273w,http://www.wikidata.org/entity/Q849273,Succeeded
29265w,http://www.wikidata.org/entity/Q29265,Succeeded
13511216w,http://www.wikidata.org/entity/Q47457442,Succeeded
6873175w,http://www.wikidata.org/entity/Q6873175,Succeeded
6538229w,http://www.wikidata.org/entity/Q6538229,Succeeded
6870388w,http://www.wikidata.org/entity/Q6870388,Succeeded
11253145w,http://www.wikidata.org/entity/Q11253145,Succeeded
241074w,http://www.wikidata.org/entity/Q241074,Succeeded
748211w,http://www.wikidata.org/entity/Q682357,Succeeded
1165327w,http://www.wikidata.org/entity/Q1165327,Succeeded
1185336w,http://www.wikidata.org/entity/Q1185336,Succeeded
10810559w,http://www.wikidata.org/entity/Q10810559,Succeeded
9007519w,http://www.wikidata.org/entity/Q9007519,Succeeded
10512403w,http://www.wikidata.org/entity/Q10512403,Succeeded
48472w,http://www.wikidata.org/entity/Q48472,Succeeded
61757w,http://www.wikidata.org/entity/Q61757,Succeeded
75459w,http://www.wikidata.org/entity/Q75459,Succeeded
2066497w,http://www.wikidata.org/entity/Q2066497,Succeeded
2084394w,http://www.wikidata.org/entity/Q2084394,Succeeded
2094778w,http://www.wikidata.org/entity/Q2094778,Succeeded
4111w,http://www.wikidata.org/entity/Q4111,Succeeded
4187w,http://www.wikidata.org/entity/Q4187,Succeeded
42798w,http://www.wikidata.org/entity/Q42798,Succeeded
308807w,http://www.wikidata.org/entity/Q308807,Succeeded
277576w,http://www.wikidata.org/entity/Q277576,Succeeded
178835w,http://www.wikidata.org/entity/Q178835,Succeeded
189358w,http://www.wikidata.org/entity/Q189358,Succeeded
683110w,http://www.wikidata.org/entity/Q683110,Succeeded
695229w,http://www.wikidata.org/entity/Q695229,Succeeded
64686800w,http://www.wikidata.org/entity/Q2652548,Succeeded
2993079w,http://www.wikidata.org/entity/Q2993079,Succeeded
3056346w,http://www.wikidata.org/entity/Q3056346,Succeeded
2942708w,http://www.wikidata.org/entity/Q2942708,Succeeded
152225w,http://www.wikidata.org/entity/Q152225,Succeeded
19053w,http://www.wikidata.org/entity/Q19053,Succeeded
740104w,http://www.wikidata.org/entity/Q740104,Succeeded
3089169w,http://www.wikidata.org/entity/Q3089169,Succeeded
3364404w,http://www.wikidata.org/entity/Q3364404,Succeeded
3437182w,http://www.wikidata.org/entity/Q3437182,Succeeded
3179279w,http://www.wikidata.org/entity/Q3179279,Succeeded
3080218w,http://www.wikidata.org/entity/Q3080218,Succeeded
234783w,http://www.wikidata.org/entity/Q234783,Succeeded
55607898w,http://www.wikidata.org/entity/Q55607898,Succeeded
235004w,http://www.wikidata.org/entity/Q235004,Succeeded
22688967w,http://www.wikidata.org/entity/Q22688967,Succeeded
56275601w,http://www.wikidata.org/entity/Q56275601,Succeeded
39231w,http://www.wikidata.org/entity/Q39231,Succeeded
4022355w,http://www.wikidata.org/entity/Q4022355,Succeeded
3936889w,http://www.wikidata.org/entity/Q3936889,Succeeded
4010w,http://www.wikidata.org/entity/Q4010,Succeeded
331996w,http://www.wikidata.org/entity/Q331996,Succeeded
209217w,http://www.wikidata.org/entity/Q209217,Succeeded
12294132w,http://www.wikidata.org/entity/Q7555223,Succeeded
5938w,http://www.wikidata.org/entity/Q5938,Succeeded
100329356w,http://www.wikidata.org/entity/Q5684,Succeeded
1818746w,http://www.wikidata.org/entity/Q1818746,Succeeded
52631w,http://www.wikidata.org/entity/Q52631,Succeeded
122225w,http://www.wikidata.org/entity/Q122225,Succeeded
106540w,http://www.wikidata.org/entity/Q106540,Succeeded
55616283w,http://www.wikidata.org/entity/Q55616283,Succeeded
181007w,http://www.wikidata.org/entity/Q181007,Succeeded
3197288w,http://www.wikidata.org/entity/Q3197288,Succeeded
2605019w,http://www.wikidata.org/entity/Q2605019,Succeeded
575398w,http://www.wikidata.org/entity/Q575398,Succeeded
593147w,http://www.wikidata.org/entity/Q593147,Succeeded
7376933w,http://www.wikidata.org/entity/Q7376933,Succeeded
7643009w,http://www.wikidata.org/entity/Q7643009,Succeeded
7082047w,http://www.wikidata.org/entity/Q7082047,Succeeded
65967165w,http://www.wikidata.org/entity/Q56452553,Succeeded
186282w,http://www.wikidata.org/entity/Q186282,Succeeded
257598w,http://www.wikidata.org/entity/Q257598,Succeeded
43473w,http://www.wikidata.org/entity/Q43473,Succeeded
508634w,http://www.wikidata.org/entity/Q12816495,Succeeded
464904w,http://www.wikidata.org/entity/Q464904,Succeeded
201469w,http://www.wikidata.org/entity/Q201469,Succeeded
168518w,http://www.wikidata.org/entity/Q168518,Succeeded
316137w,http://www.wikidata.org/entity/Q316137,Succeeded
843147w,http://www.wikidata.org/entity/Q843147,Succeeded
839603w,http://www.wikidata.org/entity/Q839603,Succeeded
1279458w,http://www.wikidata.org/entity/Q1279458,Succeeded
1473122w,http://www.wikidata.org/entity/Q1473122,Succeeded
523026w,http://www.wikidata.org/entity/Q523026,Succeeded
468405w,http://www.wikidata.org/entity/Q468405,Succeeded
45865w,http://www.wikidata.org/entity/Q45865,Succeeded
2907w,http://www.wikidata.org/entity/Q2907,Succeeded
4991540w,http://www.wikidata.org/entity/Q4991540,Succeeded
1768461w,http://www.wikidata.org/entity/Q1768461,Succeeded
64705293w,http://www.wikidata.org/entity/Q8077800,Succeeded
212773w,http://www.wikidata.org/entity/Q212773,Succeeded
629902w,http://www.wikidata.org/entity/Q629902,Succeeded
679891w,http://www.wikidata.org/entity/Q679891,Succeeded
3991738w,http://www.wikidata.org/entity/Q82070,Succeeded
4570262w,http://www.wikidata.org/entity/Q4570262,Succeeded
12164w,http://www.wikidata.org/entity/Q12164,Succeeded
17839w,http://www.wikidata.org/entity/Q17839,Succeeded
19829w,http://www.wikidata.org/entity/Q19829,Succeeded
29000652w,http://www.wikidata.org/entity/Q63724,Succeeded
157886w,http://www.wikidata.org/entity/Q157886,Succeeded
156439w,http://www.wikidata.org/entity/Q156439,Succeeded
61535w,http://www.wikidata.org/entity/Q61535,Succeeded
60977w,http://www.wikidata.org/entity/Q60977,Succeeded
212867w,http://www.wikidata.org/entity/Q212867,Succeeded
463179w,http://www.wikidata.org/entity/Q463179,Succeeded
156093w,http://www.wikidata.org/entity/Q156093,Succeeded
130025w,http://www.wikidata.org/entity/Q130025,Succeeded
66057948w,http://www.wikidata.org/entity/Q4362312,Succeeded
66076021w,http://www.wikidata.org/entity/Q2332231,Succeeded
1292442w,http://www.wikidata.org/entity/Q1292442,Succeeded
57951w,http://www.wikidata.org/entity/Q57951,Succeeded
1903w,http://www.wikidata.org/entity/Q1903,Succeeded
393841w,http://www.wikidata.org/entity/Q393841,Succeeded
447441w,http://www.wikidata.org/entity/Q447441,Succeeded
205711w,http://www.wikidata.org/entity/Q205711,Succeeded
120314w,http://www.wikidata.org/entity/Q120314,Succeeded
308893w,http://www.wikidata.org/entity/Q308893,Succeeded
272968w,http://www.wikidata.org/entity/Q272968,Succeeded
179570w,http://www.wikidata.org/entity/Q179570,Succeeded
361060w,http://www.wikidata.org/entity/Q361060,Succeeded
387517w,http://www.wikidata.org/entity/Q387517,Succeeded
4008w,http://www.wikidata.org/entity/Q4008,Succeeded
624128w,http://www.wikidata.org/entity/Q624128,Succeeded
625663w,http://www.wikidata.org/entity/Q625663,Succeeded
730019w,http://www.wikidata.org/entity/Q730019,Succeeded
738794w,http://www.wikidata.org/entity/Q738794,Succeeded
746333w,http://www.wikidata.org/entity/Q746333,Succeeded
215429w,http://www.wikidata.org/entity/Q215429,Succeeded
9468w,http://www.wikidata.org/entity/Q9468,Succeeded
32378w,http://www.wikidata.org/entity/Q32378,Succeeded
4047w,http://www.wikidata.org/entity/Q4047,Succeeded
46313w,http://www.wikidata.org/entity/Q46313,Succeeded
295408w,http://www.wikidata.org/entity/Q295408,Succeeded
215003w,http://www.wikidata.org/entity/Q215003,Succeeded
34123w,http://www.wikidata.org/entity/Q34123,Succeeded
19830w,http://www.wikidata.org/entity/Q19830,Succeeded
28769w,http://www.wikidata.org/entity/Q28769,Succeeded
501638w,http://www.wikidata.org/entity/Q501638,Succeeded
495241w,http://www.wikidata.org/entity/Q495241,Succeeded
208379w,http://www.wikidata.org/entity/Q208379,Succeeded
23048w,http://www.wikidata.org/entity/Q23048,Succeeded
31416w,http://www.wikidata.org/entity/Q31416,Succeeded
19868w,http://www.wikidata.org/entity/Q19868,Succeeded
490497w,http://www.wikidata.org/entity/Q490497,Succeeded
17768w,http://www.wikidata.org/entity/Q17768,Succeeded
588417w,http://www.wikidata.org/entity/Q5790286,Succeeded
573558w,http://www.wikidata.org/entity/Q573558,Succeeded
329967w,http://www.wikidata.org/entity/Q329967,Succeeded
331603w,http://www.wikidata.org/entity/Q331603,Succeeded
5197044w,http://www.wikidata.org/entity/Q5197044,Succeeded
20650127w,http://www.wikidata.org/entity/Q20650127,Succeeded
681029w,http://www.wikidata.org/entity/Q681029,Succeeded
695166w,http://www.wikidata.org/entity/Q695166,Succeeded
701847w,http://www.wikidata.org/entity/Q1350985,Succeeded
769555w,http://www.wikidata.org/entity/Q769555,Succeeded
14690w,http://www.wikidata.org/entity/Q14690,Succeeded
15339w,http://www.wikidata.org/entity/Q15339,Succeeded
46650w,http://www.wikidata.org/entity/Q46650,Succeeded
603622w,http://www.wikidata.org/entity/Q603622,Succeeded
614212w,http://www.wikidata.org/entity/Q614212,Succeeded
597051w,http://www.wikidata.org/entity/Q597051,Succeeded
613720w,http://www.wikidata.org/entity/Q613720,Succeeded
608580w,http://www.wikidata.org/entity/Q608580,Succeeded
679568w,http://www.wikidata.org/entity/Q679568,Succeeded
122281w,http://www.wikidata.org/entity/Q122281,Succeeded
152339w,http://www.wikidata.org/entity/Q152339,Succeeded
1165562w,http://www.wikidata.org/entity/Q1165562,Succeeded
1121835w,http://www.wikidata.org/entity/Q1121835,Succeeded
172125w,http://www.wikidata.org/entity/Q172125,Succeeded
639193w,http://www.wikidata.org/entity/Q639193,Succeeded
679979w,http://www.wikidata.org/entity/Q679979,Succeeded
643631w,http://www.wikidata.org/entity/Q643631,Succeeded
199618w,http://www.wikidata.org/entity/Q199618,Succeeded
873358w,http://www.wikidata.org/entity/Q873358,Succeeded
852433w,http://www.wikidata.org/entity/Q852433,Succeeded
343053w,http://www.wikidata.org/entity/Q343053,Succeeded
338716w,http://www.wikidata.org/entity/Q338716,Succeeded
284125w,http://www.wikidata.org/entity/Q284125,Succeeded
380384w,http://www.wikidata.org/entity/Q380384,Succeeded
215992w,http://www.wikidata.org/entity/Q215992,Succeeded
842826w,http://www.wikidata.org/entity/Q842826,Succeeded
508866w,http://www.wikidata.org/entity/Q508866,Succeeded
519907w,http://www.wikidata.org/entity/Q519907,Succeeded
491454w,http://www.wikidata.org/entity/Q491454,Succeeded
423654w,http://www.wikidata.org/entity/Q423654,Succeeded
374365w,http://www.wikidata.org/entity/Q374365,Succeeded
854989w,http://www.wikidata.org/entity/Q854989,Succeeded
877381w,http://www.wikidata.org/entity/Q877381,Succeeded
869275w,http://www.wikidata.org/entity/Q869275,Succeeded
890651w,http://www.wikidata.org/entity/Q890651,Succeeded
844417w,http://www.wikidata.org/entity/Q844417,Succeeded
848793w,http://www.wikidata.org/entity/Q848793,Succeeded
849508w,http://www.wikidata.org/entity/Q849508,Succeeded
602572w,http://www.wikidata.org/entity/Q602572,Succeeded
616757w,http://www.wikidata.org/entity/Q616757,Succeeded
625330w,http://www.wikidata.org/entity/Q625330,Succeeded
611070w,http://www.wikidata.org/entity/Q611070,Succeeded
619742w,http://www.wikidata.org/entity/Q619742,Succeeded
656738w,http://www.wikidata.org/entity/Q656738,Succeeded
232771w,http://www.wikidata.org/entity/Q232771,Succeeded
259173w,http://www.wikidata.org/entity/Q259173,Succeeded
272932w,http://www.wikidata.org/entity/Q272932,Succeeded
211585w,http://www.wikidata.org/entity/Q211585,Succeeded
385086w,http://www.wikidata.org/entity/Q385086,Succeeded
1026415w,http://www.wikidata.org/entity/Q1026415,Succeeded
964745w,http://www.wikidata.org/entity/Q964745,Succeeded
1916655w,http://www.wikidata.org/entity/Q1916655,Succeeded
1915216w,http://www.wikidata.org/entity/Q1915216,Succeeded
791665w,http://www.wikidata.org/entity/Q791665,Succeeded
797147w,http://www.wikidata.org/entity/Q797147,Succeeded
16990w,http://www.wikidata.org/entity/Q16990,Succeeded
584366w,http://www.wikidata.org/entity/Q584366,Succeeded
949388w,http://www.wikidata.org/entity/Q949388,Succeeded
954593w,http://www.wikidata.org/entity/Q954593,Succeeded
959026w,http://www.wikidata.org/entity/Q959026,Succeeded
902329w,http://www.wikidata.org/entity/Q902329,Succeeded
891068w,http://www.wikidata.org/entity/Q891068,Succeeded
953919w,http://www.wikidata.org/entity/Q953919,Succeeded
478784w,http://www.wikidata.org/entity/Q633264,Succeeded
483295w,http://www.wikidata.org/entity/Q483295,Succeeded
1006702w,http://www.wikidata.org/entity/Q1006702,Succeeded
1046294w,http://www.wikidata.org/entity/Q1046294,Succeeded
1036938w,http://www.wikidata.org/entity/Q1036938,Succeeded
629436w,http://www.wikidata.org/entity/Q629436,Succeeded
622865w,http://www.wikidata.org/entity/Q622865,Succeeded
936884w,http://www.wikidata.org/entity/Q936884,Succeeded
943327w,http://www.wikidata.org/entity/Q943327,Succeeded
1258865w,http://www.wikidata.org/entity/Q1258865,Succeeded
1360751w,http://www.wikidata.org/entity/Q1360751,Succeeded
1380559w,http://www.wikidata.org/entity/Q1380559,Succeeded
1328958w,http://www.wikidata.org/entity/Q1328958,Succeeded
672456w,http://www.wikidata.org/entity/Q672456,Succeeded
680065w,http://www.wikidata.org/entity/Q680065,Succeeded
680292w,http://www.wikidata.org/entity/Q680292,Succeeded
830054w,http://www.wikidata.org/entity/Q830054,Succeeded
790099w,http://www.wikidata.org/entity/Q790099,Succeeded
1116933w,http://www.wikidata.org/entity/Q1116933,Succeeded
1053521w,http://www.wikidata.org/entity/Q1053521,Succeeded
7293002w,http://www.wikidata.org/entity/Q7293002,Succeeded
842328w,http://www.wikidata.org/entity/Q842328,Succeeded
846967w,http://www.wikidata.org/entity/Q846967,Succeeded
7263w,http://www.wikidata.org/entity/Q7263,Succeeded
1095657w,http://www.wikidata.org/entity/Q1095657,Succeeded
1013468w,http://www.wikidata.org/entity/Q1013468,Succeeded
1104673w,http://www.wikidata.org/entity/Q5462164,Succeeded
1048381w,http://www.wikidata.org/entity/Q1048381,Succeeded
41135w,http://www.wikidata.org/entity/Q41135,Succeeded
1789960w,http://www.wikidata.org/entity/Q1789960,Succeeded
845924w,http://www.wikidata.org/entity/Q845924,Succeeded
852429w,http://www.wikidata.org/entity/Q852429,Succeeded
2942496w,http://www.wikidata.org/entity/Q2942496,Succeeded
3197197w,http://www.wikidata.org/entity/Q3197197,Succeeded
2945651w,http://www.wikidata.org/entity/Q2945651,Succeeded
3066576w,http://www.wikidata.org/entity/Q3066576,Succeeded
2392816w,http://www.wikidata.org/entity/Q2392816,Succeeded
2445843w,http://www.wikidata.org/entity/Q1007576,Succeeded
2348655w,http://www.wikidata.org/entity/Q2348655,Succeeded
500808w,http://www.wikidata.org/entity/Q500808,Succeeded
529923w,http://www.wikidata.org/entity/Q529923,Succeeded
1614748w,http://www.wikidata.org/entity/Q1614748,Succeeded
1647575w,http://www.wikidata.org/entity/Q1647575,Succeeded
1246283w,http://www.wikidata.org/entity/Q1246283,Succeeded
1152972w,http://www.wikidata.org/entity/Q1152972,Succeeded
1165197w,http://www.wikidata.org/entity/Q1165197,Succeeded
1139609w,http://www.wikidata.org/entity/Q1139609,Succeeded
1422898w,http://www.wikidata.org/entity/Q1422898,Succeeded
1478407w,http://www.wikidata.org/entity/Q1478407,Succeeded
1571159w,http://www.wikidata.org/entity/Q1571159,Succeeded
1343339w,http://www.wikidata.org/entity/Q1343339,Succeeded
2274974w,http://www.wikidata.org/entity/Q2274974,Succeeded
2471589w,http://www.wikidata.org/entity/Q2471589,Succeeded
1309771w,http://www.wikidata.org/entity/Q1309771,Succeeded
1324562w,http://www.wikidata.org/entity/Q1324562,Succeeded
1415856w,http://www.wikidata.org/entity/Q1415856,Succeeded
1487492w,http://www.wikidata.org/entity/Q1487492,Succeeded
1680814w,http://www.wikidata.org/entity/Q1680814,Succeeded
1519034w,http://www.wikidata.org/entity/Q1519034,Succeeded
32904732w,http://www.wikidata.org/entity/Q32904732,Succeeded
386420w,http://www.wikidata.org/entity/Q386420,Succeeded
413452w,http://www.wikidata.org/entity/Q413452,Succeeded
582922w,http://www.wikidata.org/entity/Q582922,Succeeded
2994323w,http://www.wikidata.org/entity/Q2994323,Succeeded
3108515w,http://www.wikidata.org/entity/Q3108515,Succeeded
2660144w,http://www.wikidata.org/entity/Q2660144,Succeeded
2718415w,http://www.wikidata.org/entity/Q2718415,Succeeded
2705507w,http://www.wikidata.org/entity/Q2060988,Succeeded
909889w,http://www.wikidata.org/entity/Q909889,Succeeded
914225w,http://www.wikidata.org/entity/Q914225,Succeeded
43332w,http://www.wikidata.org/entity/Q43332,Succeeded
40729w,http://www.wikidata.org/entity/Q40729,Succeeded
2390081w,http://www.wikidata.org/entity/Q2390081,Succeeded
2273958w,http://www.wikidata.org/entity/Q2273958,Succeeded
2310816w,http://www.wikidata.org/entity/Q2310816,Succeeded
2603196w,http://www.wikidata.org/entity/Q2603196,Succeeded
2620036w,http://www.wikidata.org/entity/Q2620036,Succeeded
1258473w,http://www.wikidata.org/entity/Q1258473,Succeeded
81150w,http://www.wikidata.org/entity/Q81150,Succeeded
540237w,http://www.wikidata.org/entity/Q540237,Succeeded
508040w,http://www.wikidata.org/entity/Q508040,Succeeded
499552w,http://www.wikidata.org/entity/Q499552,Succeeded
3825847w,http://www.wikidata.org/entity/Q3825847,Succeeded
3776436w,http://www.wikidata.org/entity/Q3776436,Succeeded
3737552w,http://www.wikidata.org/entity/Q3737552,Succeeded
3754535w,http://www.wikidata.org/entity/Q3754535,Succeeded
3634368w,http://www.wikidata.org/entity/Q3634368,Succeeded
11489085w,http://www.wikidata.org/entity/Q11489085,Succeeded
12264649w,http://www.wikidata.org/entity/Q43079940,Succeeded
12555944w,http://www.wikidata.org/entity/Q12555944,Succeeded
12583238w,http://www.wikidata.org/entity/Q12583238,Succeeded
12242839w,http://www.wikidata.org/entity/Q12242839,Succeeded
1025339w,http://www.wikidata.org/entity/Q1025339,Succeeded
1998460w,http://www.wikidata.org/entity/Q1998460,Succeeded
2095735w,http://www.wikidata.org/entity/Q2095735,Succeeded
2139666w,http://www.wikidata.org/entity/Q2139666,Succeeded
2068929w,http://www.wikidata.org/entity/Q2068929,Succeeded
2211082w,http://www.wikidata.org/entity/Q2211082,Succeeded
2551859w,http://www.wikidata.org/entity/Q2551859,Succeeded
2423898w,http://www.wikidata.org/entity/Q2423898,Succeeded
2391522w,http://www.wikidata.org/entity/Q2391522,Succeeded
112738w,http://www.wikidata.org/entity/Q112738,Succeeded
5600169w,http://www.wikidata.org/entity/Q5600169,Succeeded
457304w,http://www.wikidata.org/entity/Q457304,Succeeded
499517w,http://www.wikidata.org/entity/Q499517,Succeeded
4390628w,http://www.wikidata.org/entity/Q4390628,Succeeded
3320377w,http://www.wikidata.org/entity/Q3320377,Succeeded
1639468w,http://www.wikidata.org/entity/Q1639468,Succeeded
28220815w,http://www.wikidata.org/entity/Q28220815,Succeeded
1353565w,http://www.wikidata.org/entity/Q1353565,Succeeded
1100749w,http://www.wikidata.org/entity/Q1100749,Succeeded
1137314w,http://www.wikidata.org/entity/Q1137314,Succeeded
1330981w,http://www.wikidata.org/entity/Q1330981,Succeeded
179506w,http://www.wikidata.org/entity/Q179506,Succeeded
742315w,http://www.wikidata.org/entity/Q742315,Succeeded
754791w,http://www.wikidata.org/entity/Q754791,Succeeded
718001w,http://www.wikidata.org/entity/Q718001,Succeeded
155188w,http://www.wikidata.org/entity/Q155188,Succeeded
3301928w,http://www.wikidata.org/entity/Q3301928,Succeeded
51812w,http://www.wikidata.org/entity/Q51812,Succeeded
47721w,http://www.wikidata.org/entity/Q47721,Succeeded
2660096w,http://www.wikidata.org/entity/Q2660096,Succeeded
2722026w,http://www.wikidata.org/entity/Q2722026,Succeeded
2564175w,http://www.wikidata.org/entity/Q2564175,Succeeded
2660525w,http://www.wikidata.org/entity/Q2660525,Succeeded
2722437w,http://www.wikidata.org/entity/Q2722437,Succeeded
2586986w,http://www.wikidata.org/entity/Q2586986,Succeeded
593870w,http://www.wikidata.org/entity/Q593870,Succeeded
2943310w,http://www.wikidata.org/entity/Q2943310,Succeeded
2005868w,http://www.wikidata.org/entity/Q2005868,Succeeded
1807728w,http://www.wikidata.org/entity/Q1807728,Succeeded
1818182w,http://www.wikidata.org/entity/Q1818182,Succeeded
2028w,http://www.wikidata.org/entity/Q2028,Succeeded
838256w,http://www.wikidata.org/entity/Q838256,Succeeded
948975w,http://www.wikidata.org/entity/Q948975,Succeeded
7219765w,http://www.wikidata.org/entity/Q7219765,Succeeded
7361967w,http://www.wikidata.org/entity/Q180212,Succeeded
8343028w,http://www.wikidata.org/entity/Q8343028,Succeeded
10345249w,http://www.wikidata.org/entity/Q10345249,Succeeded
46275w,http://www.wikidata.org/entity/Q46275,Succeeded
66485w,http://www.wikidata.org/entity/Q66485,Succeeded
167231w,http://www.wikidata.org/entity/Q167231,Succeeded
208177w,http://www.wikidata.org/entity/Q208177,Succeeded
8038519w,http://www.wikidata.org/entity/Q8038519,Succeeded
210957w,http://www.wikidata.org/entity/Q210957,Succeeded
176792w,http://www.wikidata.org/entity/Q176792,Succeeded
187136w,http://www.wikidata.org/entity/Q187136,Succeeded
11605230w,http://www.wikidata.org/entity/Q11605230,Succeeded
457453w,http://www.wikidata.org/entity/Q457453,Succeeded
547375w,http://www.wikidata.org/entity/Q547375,Succeeded
6809163w,http://www.wikidata.org/entity/Q6809163,Succeeded
7194595w,http://www.wikidata.org/entity/Q7194595,Succeeded
213232w,http://www.wikidata.org/entity/Q213232,Succeeded
231140w,http://www.wikidata.org/entity/Q231140,Succeeded
562529w,http://www.wikidata.org/entity/Q562529,Succeeded
663836w,http://www.wikidata.org/entity/Q663836,Succeeded
2407530w,http://www.wikidata.org/entity/Q2407530,Succeeded
1945612w,http://www.wikidata.org/entity/Q1945612,Succeeded
1763364w,http://www.wikidata.org/entity/Q1763364,Succeeded
2199749w,http://www.wikidata.org/entity/Q2199749,Succeeded
2144588w,http://www.wikidata.org/entity/Q2144588,Succeeded
2115058w,http://www.wikidata.org/entity/Q2115058,Succeeded
234600w,http://www.wikidata.org/entity/Q234600,Succeeded
4399w,http://www.wikidata.org/entity/Q4399,Succeeded
4460w,http://www.wikidata.org/entity/Q4460,Succeeded
838920w,http://www.wikidata.org/entity/Q838920,Succeeded
849318w,http://www.wikidata.org/entity/Q849318,Succeeded
16965955w,http://www.wikidata.org/entity/Q16965955,Succeeded
20048515w,http://www.wikidata.org/entity/Q20048515,Succeeded
20650483w,http://www.wikidata.org/entity/Q20650483,Succeeded
205558w,http://www.wikidata.org/entity/Q205558,Succeeded
199234w,http://www.wikidata.org/entity/Q199234,Succeeded
4531w,http://www.wikidata.org/entity/Q4531,Succeeded
1077596w,http://www.wikidata.org/entity/Q1077596,Succeeded
1010335w,http://www.wikidata.org/entity/Q1010335,Succeeded
36160w,http://www.wikidata.org/entity/Q36160,Succeeded
219279w,http://www.wikidata.org/entity/Q219279,Succeeded
270983w,http://www.wikidata.org/entity/Q270983,Succeeded
281844w,http://www.wikidata.org/entity/Q987453,Succeeded
20042067w,http://www.wikidata.org/entity/Q20042067,Succeeded
16891508w,http://www.wikidata.org/entity/Q16891508,Succeeded
206365w,http://www.wikidata.org/entity/Q1362663,Succeeded
9850285w,http://www.wikidata.org/entity/Q9850285,Succeeded
5276996w,http://www.wikidata.org/entity/Q5276996,Succeeded
132564w,http://www.wikidata.org/entity/Q132564,Succeeded
97633694w,http://www.wikidata.org/entity/Q24568174,Succeeded
107370w,http://www.wikidata.org/entity/Q107370,Succeeded
130321w,http://www.wikidata.org/entity/Q130321,Succeeded
19852428w,http://www.wikidata.org/entity/Q19852428,Succeeded
23818211w,http://www.wikidata.org/entity/Q23818211,Succeeded
285468w,http://www.wikidata.org/entity/Q285468,Succeeded
607045w,http://www.wikidata.org/entity/Q607045,Succeeded
3287362w,http://www.wikidata.org/entity/Q3287362,Succeeded
703480w,http://www.wikidata.org/entity/Q703480,Succeeded
710359w,http://www.wikidata.org/entity/Q710359,Succeeded
697278w,http://www.wikidata.org/entity/Q697278,Succeeded
739065w,http://www.wikidata.org/entity/Q739065,Succeeded
432483w,http://www.wikidata.org/entity/Q432483,Succeeded
451698w,http://www.wikidata.org/entity/Q451698,Succeeded
641741w,http://www.wikidata.org/entity/Q641741,Succeeded
907052w,http://www.wikidata.org/entity/Q907052,Succeeded
484931w,http://www.wikidata.org/entity/Q484931,Succeeded
945913w,http://www.wikidata.org/entity/Q945913,Succeeded
964116w,http://www.wikidata.org/entity/Q964116,Succeeded
832262w,http://www.wikidata.org/entity/Q832262,Succeeded
868799w,http://www.wikidata.org/entity/Q868799,Succeeded
929965w,http://www.wikidata.org/entity/Q929965,Succeeded
500764w,http://www.wikidata.org/entity/Q500764,Succeeded
500444w,http://www.wikidata.org/entity/Q500444,Succeeded
513893w,http://www.wikidata.org/entity/Q513893,Succeeded
536682w,http://www.wikidata.org/entity/Q536682,Succeeded
1025354w,http://www.wikidata.org/entity/Q1025354,Succeeded
1026991w,http://www.wikidata.org/entity/Q1026991,Succeeded
1064331w,http://www.wikidata.org/entity/Q1064331,Succeeded
1070863w,http://www.wikidata.org/entity/Q1070863,Succeeded
576339w,http://www.wikidata.org/entity/Q576339,Succeeded
1318387w,http://www.wikidata.org/entity/Q1318387,Succeeded
1146038w,http://www.wikidata.org/entity/Q1146038,Succeeded
1194252w,http://www.wikidata.org/entity/Q1194252,Succeeded
1224490w,http://www.wikidata.org/entity/Q1224490,Succeeded
1434086w,http://www.wikidata.org/entity/Q1434086,Succeeded
1474363w,http://www.wikidata.org/entity/Q1474363,Succeeded
1498242w,http://www.wikidata.org/entity/Q1498242,Succeeded
1535245w,http://www.wikidata.org/entity/Q1535245,Succeeded
1537302w,http://www.wikidata.org/entity/Q1537302,Succeeded
1538662w,http://www.wikidata.org/entity/Q1538662,Succeeded
1361324w,http://www.wikidata.org/entity/Q1361324,Succeeded
1365882w,http://www.wikidata.org/entity/Q1365882,Succeeded
1400400w,http://www.wikidata.org/entity/Q446034,Succeeded
1721075w,http://www.wikidata.org/entity/Q1721075,Succeeded
1722579w,http://www.wikidata.org/entity/Q1722579,Succeeded
1725740w,http://www.wikidata.org/entity/Q1725740,Succeeded
1741668w,http://www.wikidata.org/entity/Q1741668,Succeeded
1736213w,http://www.wikidata.org/entity/Q1736213,Succeeded
1787397w,http://www.wikidata.org/entity/Q1787397,Succeeded
1982368w,http://www.wikidata.org/entity/Q1982368,Succeeded
1897419w,http://www.wikidata.org/entity/Q1897419,Succeeded
1808591w,http://www.wikidata.org/entity/Q1362663,Succeeded
1818952w,http://www.wikidata.org/entity/Q1818952,Succeeded
1862652w,http://www.wikidata.org/entity/Q1862652,Succeeded
2698156w,http://www.wikidata.org/entity/Q2698156,Succeeded
2717874w,http://www.wikidata.org/entity/Q2717874,Succeeded
2724894w,http://www.wikidata.org/entity/Q2724894,Succeeded
2031664w,http://www.wikidata.org/entity/Q2031664,Succeeded
2059598w,http://www.wikidata.org/entity/Q2059598,Succeeded
2197993w,http://www.wikidata.org/entity/Q2197993,Succeeded
2299393w,http://www.wikidata.org/entity/Q2299393,Succeeded
2368048w,http://www.wikidata.org/entity/Q2368048,Succeeded
3051521w,http://www.wikidata.org/entity/Q3051521,Succeeded
2985390w,http://www.wikidata.org/entity/Q2985390,Succeeded
2942319w,http://www.wikidata.org/entity/Q2942319,Succeeded
2982737w,http://www.wikidata.org/entity/Q2982737,Succeeded
3796698w,http://www.wikidata.org/entity/Q3796698,Succeeded
3529714w,http://www.wikidata.org/entity/Q3529714,Succeeded
10914521w,http://www.wikidata.org/entity/Q10914521,Succeeded
11052488w,http://www.wikidata.org/entity/Q11052488,Succeeded
3892852w,http://www.wikidata.org/entity/Q3892852,Succeeded
4936252w,http://www.wikidata.org/entity/Q4936252,Succeeded
7261843w,http://www.wikidata.org/entity/Q7261843,Succeeded
10283837w,http://www.wikidata.org/entity/Q10283837,Succeeded
10508756w,http://www.wikidata.org/entity/Q10508756,Succeeded
7590832w,http://www.wikidata.org/entity/Q7590832,Succeeded
5313281w,http://www.wikidata.org/entity/Q5313281,Succeeded
5613948w,http://www.wikidata.org/entity/Q5613948,Succeeded
5052171w,http://www.wikidata.org/entity/Q5052171,Succeeded
5061406w,http://www.wikidata.org/entity/Q5061406,Succeeded
5142855w,http://www.wikidata.org/entity/Q5142855,Succeeded
5471183w,http://www.wikidata.org/entity/Q5471183,Succeeded
6898311w,http://www.wikidata.org/entity/Q6898311,Succeeded
11514205w,http://www.wikidata.org/entity/Q11514205,Succeeded
26272095w,http://www.wikidata.org/entity/Q26272095,Succeeded
20714332w,http://www.wikidata.org/entity/Q20714332,Succeeded
18712797w,http://www.wikidata.org/entity/Q18712797,Succeeded
28844272w,http://www.wikidata.org/entity/Q712753,Succeeded
