hotel_id,name,description
1585008h,Hard Rock Hotel and Casino,"hotel & casino skyscraper in Las Vegas, Nevada, USA"
1630814h,Hotel Weiss Kreuz,"hotel in Splügen, Graubünden, Switzerland"
5351073h,El Cortez,"historic hotel and casino in Las Vegas, Nevada, United States"
18536h,The Shard,"skyscraper in London, England"
12495h,Burj Khalifa,"skyscraper in Dubai, United Arab Emirates"
23265h,Hôtel des 3 Collèges,"hotel in Paris, France"
18547h,Shanghai Tower,"megatall skyscraper in Lujiazui, Shanghai, China"
5764716h,Safir Sharm Waterfalls Resort,"hotel in Sharm el-Sheikh, Egypt"
5764722h,Hilton Singapore,hotel in Singapore
25247913h,Commercial Hotel,"historic hotel building in Wadena, Minnesota, United States"
26237391h,Conrad Tokyo,"Contemporary luxury hotel, situated in downtown Tokyo."
25204442h,Hilton Zurich Airport,"hotel near Zurich airport, Switzerland"
24971211h,El Reno Hotel,"hotel building in El Reno, Oklahoma"
28680070h,Sanatório das Penhas da Saúde,"building in Covilhães, Castelo Branco District, Portugal"
28756542h,Palacio Oriol,"building in Madrid, Spain"
28755991h,Hotel Catalonia Atocha,building in Madrid
28675745h,15/17 Mostowa Street in Toruń,"building in Toruń, Poland"
28746397h,Hotel NH Paseo del Prado,building in Madrid
28756862h,Hotel Catalonia Gran Vía,building in Madrid
28757120h,Gran Vía 18,building in Madrid
29415039h,Hotel Alay,"building in Málaga Province, Spain"
28789756h,Hilton Garden Inn Tanger City Center,"hotel in Tanger, Morocco"
28769024h,Hotel Gran Vía,building in Madrid
29053691h,Hilton Coylumbridge,"hotel in Aviemore, United Kingdom"
28777988h,DoubleTree by Hilton Hotel Aberdeen Treetops,"hotel in Aberdeen, United Kingdom"
29000794h,DoubleTree by Hilton Hotel Darwin,"hotel in Northern Territory, Australia"
28757977h,Hotel Tryp Cibeles,"building in Madrid, Spain"
28757959h,Hotel Senator Gran Vía,building in Madrid
29053655h,Hilton Paris Charles de Gaulle Airport,"hotel at Charles de Gaulle Airport, France"
28844857h,El Palace Hotel Barcelona,"building in Barcelona Province, Spain"
29007102h,Papelera Española building,building in Madrid
550379h,Conrad Dubai,"hotel in Dubai, United Arab Emirates"
569978h,Caesars Palace,"casino hotel in Las Vegas, Nevada"
587108h,Yokohama Landmark Tower,"Commercial complex and skyscraper in Yokohama, Japan"
5430586h,Hilton Cairo Heliopolis,Cairo Heliopolis hotel
5764637h,Hilton Liverpool City Centre,"hotel in Liverpool, United Kingdom"
5594050h,Hotel Gran Meliá Don Pepe,"hotel in Marbella, Spain"
5475490h,"Four Seasons Hotel building, San Francisco",hotel and residential condominiums in San Francisco
5595660h,Brampton Grange,"house in Brampton, Cambridgeshire, United Kingdom"
5637110h,Hacienda,"hotel and casino in Paradise, Nevada"
5602124h,Greektown Casino Hotel,casino and hotel in the United States
5710559h,Paasitorni,"building in Helsinki, Finland"
5594866h,"Grand Palace Hotel, New Orleans",former apartment building and hotel in New Orleans
5764648h,Hilton London Metropole,"hotel in London, United Kingdom"
5472556h,Forte de São Sebastião,"cultural heritage monument in Angra do Heroísmo, Azores, Portugal"
5545989h,George Washington House,"historic building in Bladensburg, Maryland, United States"
5594662h,Grand Hyatt San Francisco,"Hotel in San Francisco, California"
5475499h,Four Seasons Hotel Chicago,"hotel in Chicago, United States"
5472026h,Fort Shelby Hotel,"high-rise hotel in Detroit, Michigan"
5646336h,Hampton by Hilton Liverpool/John Lennon Airport,"hotel in Liverpool, United Kingdom"
5705250h,Guged Caravanserai,"caravanserai in Guged, Iranian national heritage site"
5764519h,Hilton Chennai,"hotel in Chennai, India"
5764570h,Hilton Glasgow,"hotel in Glasgow, United Kingdom"
5764652h,DoubleTree by Hilton Hotel Luxembourg,hotel in Luxembourg
5683588h,Malek al-Tojar House (Yazd),"mansion in Yazd, Iran"
5764576h,Hilton Hanoi Opera,hotel
240711h,Hotel Chelsea,"hotel in Manhattan, New York City"
202599h,Stardust Resort and Casino,"former casino hotel in Las Vegas, Nevada"
220141h,Waldorf Astoria Berlin,"hotel in Berlin, Germany"
264203h,Vegas World,Las Vegas hotel and casino
264858h,M Resort,"casino hotel in Las Vegas, Nevada"
1637090h,"South Point Hotel, Casino & Spa","casino hotel in Las Vegas, Nevada"
1795050h,Palace Station,"casino hotel in Las Vegas, Nevada"
2135814h,Hilton Amsterdam,5-star hotel in Amsterdam with 271 guest rooms.
1630837h,Hotel Bodenhaus,hotel
2110681h,Prinzenpalais,"building in Bad Doberan, Germany"
1879918h,Löwenburger Hof,"building in Bad Honnef, Germany"
1874734h,Hotel International Prague,"hotel building in Prague, Czech Republic"
1630833h,"Hotel Berlin, Berlin",hotel
1682221h,Dagebüll lighthouse,"lighthouse in Schleswig-Holstein, Germany"
2048307h,Palms Casino Resort,"casino resort in Las Vegas, Nevada"
1743514h,Kirkland Hotel,"hotel building in Kingston, New York"
2141411h,Hilton Bandung,5-star hotel in Bandung.
1943482h,Hilton Molino Stucky Venice,"hotel in Venice, Italy"
1630911h,Hilton Warsaw City,"4-star hotel in Warsaw, Poland"
19564041h,Hedemora stadshotell,"building in Hedemora Municipality, Sweden"
23907594h,CAAC Tower,skyscraper in Shanghai
22583354h,Nový Pachtovský palác,building in Prague
23640921h,Bowen River Hotel,"historic site in Queensland, Australia"
22976715h,Hilton Dubai The Walk,"hotel in Dubai, United Arab Emirates"
23907601h,The London NYC,skyscraper in New York City
20830632h,Bluebeard's Castle,"building in Charlotte Amalie, St. Thomas, United States Virigin Islands"
20650664h,La Clef Louvre,"building in Paris, France"
24054070h,Hilton Cambridge City Centre,"hotel in Cambridge, United Kingdom"
20046383h,Hilton Bonn,"hotel in Bonn, Germany"
22118627h,Global Gate,"building in Nagoya, Aichi Prefecture, Japan"
23828028h,Edificio Gran Vía 4,"building in Bilbao, Spain"
24693404h,Bangor House,"historic former hotel at 174 Main Street in downtown Bangor, Maine"
19817552h,Delta Toronto Hotel,"Delta Hotels' flapship hotel in Toronto, Canada"
21504226h,Hilton Birmingham Metropole,"hotel near Birmingham International Airport, United Kingdom"
21532003h,Radisson Blu Hotel in Bamako,"building in Bamako, Mali"
24708167h,"Dominican monastery in Malá Strana, Prague",house in Prague
21619228h,Sheraton Guiyang Hotel,Hotel in People's Republic of China
22997753h,Bay Mills Resort & Casino,"casino and hotel located in Brimley, Michigan"
24241038h,Cambridge Hotel,"hotel in Cambridge, United Kingdom"
20828319h,Villa Santana,"building in Charlotte Amalie, St. Thomas, United States Virigin Islands"
23305592h,"Kewadin Casino, Hotel and Convention Center","casino, hotel, and convention center in Sault Ste. Marie, Michigan"
20075891h,Hilton Kyiv,"hotel in Kyiv, Ukraine"
23685988h,DoubleTree by Hilton Hotel Bristol North,"hotel in Bristol, United Kingdom"
21568919h,Tabacos de Filipinas building,"building in Barcelona Province, Spain"
19962146h,CloudNo7,"building in Stuttgart-Mitte, Stuttgart Government Region, Bade-Württemberg, Germany"
21402642h,18 Gramercy Park,"historic building in Manhattan, New York, United States"
22073967h,Hilton Bournemouth,"hotel in Bournemouth, United Kingdom"
19864040h,Ambassador Hotel,"historic hotel in Tulsa, Oklahoma, United States"
23646439h,"100 Queen's Gate Hotel London, Curio Collection by Hilton","hotel in London, United Kingdom"
28609672h,DoubleTree by Hilton Hotel Coventry,"hotel in Coventry, United Kingdom"
27826630h,DoubleTree by Hilton Hotel Cairns,"hotel in Cairns, Australia"
26242212h,Hilton Garden Inn Sunderland,"hotel in Sunderland, United Kingdom"
28675210h,Castle mill in Toruń,"building in Toruń, Poland"
27962079h,Ausonia Palace Hotel,"building in Venice, Italy"
26617946h,Kenwith Castle,"house in Abbotsham, Devon, United Kingdom"
28214174h,Hampton by Hilton Newcastle,"hotel in Newcastle upon Tyne, United Kingdom"
26609450h,Crosby Lodge,"house in Stanwix Rural, Carlisle, Cumbria, UK"
26878946h,Hilton Sukhumvit Bangkok,"hotel in Bangkok, Thailand"
26483035h,"14 and 15, Warwick Road","pair of houses, now hotel and office, in Stratford-upon-Avon, Warwickshire, England, UK"
26684094h,"12 and 13, Warwick Road","pair of houses, now part of a hotel, in Stratford-upon-Avon, Warwickshire, England, UK"
26723836h,De Gamlas Hem,"building in Oulu, Finland"
27825013h,Hilton Frankfurt City Centre,"hotel in Frankfurt am Main, Germany"
27981667h,Hilton Garden Inn Dubai Mall of the Emirates,"hotel in Dubai, United Arab Emirates"
26463120h,13 Market End,"part of the White Hart Hotel in Coggeshall, Essex, England, UK"
28192892h,Waldorf Astoria Beijing,"building in Beijing, China"
26306764h,The Mytton and Mermaid Hotel,"house in Atcham, Shropshire, UK"
26685058h,15 Market End,"part of the White Hart Hotel in Coggeshall, Essex, England, UK"
28184310h,Noccundra Hotel,"heritage-listed hotel at Wilson Street, Noccundra in Nockatunga, Shire of Bulloo, Queensland, Australia"
28053246h,Hilton Auckland,"hotel in Auckland, New Zealand"
28662736h,"Gran Vía 22, Madrid","building in Madrid, Spain"
26707727h,Hotel Santo Mauro,building in Madrid
27033712h,"The Morrison Dublin, Curio Collection by Hilton","hotel in Dublin, Ireland"
28184307h,Royal Mail Hotel,"heritage-listed hotel at Archernar Street, Hungerford, Shire of Bulloo, Queensland, Australia"
27456363h,DoubleTree by Hilton Gurugram Baani Square,"hotel in Gurugram, India"
26700322h,Hotel Omni Mont-Royal,"high-rise hotel in Downtown Montreal, Quebec, Canada"
26398842h,The Old Hall Hotel,"house in Coventry, West Midlands, UK"
26960663h,Hampton by Hilton Bournemouth,"hotel in Bournemouth, United Kingdom"
26546731h,Mosborough Hall,"house in Sheffield, South Yorkshire, UK"
26537718h,Dove Nest,"house in Lakes, South Lakeland, Cumbria, UK"
28456180h,Makkah Millennium Hotel,"hotel in Mecca, Saudi Arabia"
26734729h,Conrad Istanbul Bosphorus,Luxury hotel in Istanbul
26902701h,Hilton Helsinki Kalastajatorppa,"hotel in Helsingfors, Finland"
6109260h,JW Marriott San Francisco Union Square,building in the United States
6109264h,JW Marriott Las Vegas,"resort casino in Summerlin, Nevada"
6108856h,JR Central Towers,"building in Nagoya, Aichi Prefecture, Japan"
2905596h,The Blackstone Hotel,"hotel in Chicago, Illinois"
2902501h,Palatin Hotel Tel Aviv,"building in Tel Aviv, Israel"
2961297h,Chartreuse du Reposoir,"Carthusian monastery located in Haute-Savoie, in France"
2908788h,Leonardo City Tower Hotel,building in Israel
2992084h,Hilton Paris Opera,"hotel in Paris, France"
3142395h,Hyatt Regency Paris Etoile,"skyscraper hotel located near the Porte Maillot in the 17th arrondissement of Paris, France"
2912992h,The Harmon,demolished Las Vegas hotel
2971063h,Taagepera Castle,"manor house in Taagepera, Valga County, Estonia"
3037053h,Hilton Athens,"hotel in Athens, Greece"
2935180h,Camlin Hotel,"hotel in Seattle, now a timeshare"
2928530h,Cadillac Hotel,"historic U.S. hotel in Miami Beach, Florida"
6058109h,Antiguo Hotel Miramar,"building in Málaga Province, Spain"
5911415h,Hilton Podgorica Crna Gora,"hotel in Podgorica, Montenegro"
5918301h,Banitaba House,"mansion in Aran va Bidgol, Iranian national heritage site"
5878173h,Malekzadeh House (Yazd),"mansion in Yazd, Iranian national heritage site"
5903404h,Hotel Málaga Palacio,"building in Málaga Province, Spain"
5912133h,"Hagia Sofia Mansions Istanbul, Curio Collection by Hilton","hotel in Sultanahmet, Istanbul"
5894717h,Dr. Hojjat House,"mansion in Yazd, Iranian national heritage site"
5885917h,Kasra Vafadari House,"mansion in Yazd, Iranian national heritage site"
5907540h,Aminabad Caravanserai,"caravanserai in Shahreza County, Iranian national heritage site"
5891776h,Moshir Garden,"garden in Yazd, Iranian national heritage site"
5785660h,Convento Dominico de Nuestra Señora de la Consolación,"cultural property in Gotor, Spain"
5872085h,Flour factory San José,"building in Toledo, Spain"
5952911h,Hyatt Regency San Francisco,"hotel in San Francisco, California"
5901285h,Alafchian House,"mansion in Isfahan, Iranian national heritage site"
6044861h,"InterContinental Chicago Magnificent Mile, an IHG Hotel","4-star hotel in Chicago's Magnificent Mile, part of IHG Hotels"
5884157h,Khoshnevis Mansion,"mansion in Mehriz, Iranian national heritage site"
5892374h,Moshir Caravanserai,"caravanserai in Yazd, Iranian national heritage site"
5903511h,"Hotel de las Letras, Madrid","building in Madrid, Spain"
5911169h,Hotel Alder,"historic hotel building in Portland, Oregon, USA"
5920727h,Manuchehri House (Kashan),"mansion in Kashan, Iranian national heritage site"
5908224h,Shah Abbasi Caravanserai of Bisotun,"caravanserai in Bisotun, Iranian national heritage site"
5883194h,Qorban Alizadeh House,"mansion in Kashan, Iranian national heritage site"
5963275h,Ehsan House (Kashan),"mansion in Kashan, Iranian national heritage site"
2398831h,Teatro Eden,"former cinema in Lisbon, Portugal"
2899830h,Hilton The Hague,"hotel in The Hague, Netherlands"
2416198h,MGM Grand Detroit,"Detroit, Michigan, opened 2007"
2837946h,Allerton Hotel,"hotel skyscraper in Chicago, Illinois"
2631856h,520 West 41st Street,"proposed building in Manhattan, New York City"
2461831h,Las Vegas Plaza,cancelled hotel and casino resort in Nevada
2567200h,The Whittier,"apartment hotel in Detroit, Michigan"
2748565h,Claridge's,"hotel in Mayfair, London, England"
2297323h,Delano Las Vegas,"hotel in Las Vegas, Nevada"
2363048h,Place Viger,"former railway station and hotel in Montreal, Canada"
2579998h,Castle of Óbidos,Medieval Castle in Portugal
2523683h,Château d'Artigny,building in France
2258969h,Eureka Inn,"hotel in Eureka, California"
2648096h,W San Francisco,"high-rise boutique hotel in San Francisco, California"
691491h,Paris Las Vegas,hotel and casino located on the Las Vegas Strip
731089h,Willard InterContinental Washington,"hotel in Washington, DC"
737602h,Aspire Tower,"skyscraper hotel located in the Aspire Zone complex in Doha, Qatar"
696927h,Oheka Castle,"mansion in Huntington, New York, USA"
713960h,MGM Grand Las Vegas,"casino resort in Las Vegas, Nevada, USA"
168575h,CTF Finance Centre,"supertall skyscraper in Guangzhou, China"
189476h,Abraj Al Bait,"building complex in Mecca, Saudi Arabia"
145361h,Gezirah Palace,palace in Egypt
25007h,Bellagio Hotel & Casino,"luxury hotel and casino in Las Vegas, Nevada"
167870h,Boardwalk Hotel and Casino,skyscraper
15978898h,Berry Head House,"house in Brixham, Torbay, Devon, UK"
14683065h,"333 Battery Street, San Francisco,",hotel in San Francisco
16256099h,The Caledonian,"hotel in Edinburgh, Scotland, UK"
14705265h,Resorts World Las Vegas,"casino resort in Las Vegas, Nevada"
14753688h,"Casa Alberola Alicante, Curio Collection by Hilton","hotel in Alicante, Spain"
13529145h,"The Biltmore Mayfair, LXR Hotels & Resorts","hotel in Westminster, London, United Kingdom"
14954702h,107 Piccadilly,"building on Lena Street in Manchester, England"
15068974h,Zein-o-Din Caravanserai,"caravanserai in Mehriz County, Iranian national heritage site"
15923583h,Conrad Hong Kong,"hotel in Hong Kong, China"
12020416h,Hotel Paříž,building in Prague
12072758h,Westin Book Cadillac Hotel,skyscraper in Detroit
11700542h,Prince George Hotel,"building in Manhattan, New York, United States"
11415297h,JR Gate Tower,"skyscraper in Nakamura-ku, Nagoya"
13049756h,Canfranc-Estación,"human settlement in Canfranc, Huesca Province, Aragon, Spain"
14693298h,Magnolia Hotel,"hotel in Biloxi, Mississippi"
15909474h,Hengshan Picardie Hotel,"building in Xuhui, Shanghai, China"
14689609h,Jackson Hotel,"hotel building in Paola, Kansas"
15228738h,InterContinental Budapest,"hotel in Budapest, Hungary"
13529180h,Hilton London Hyde Park,"hotel in London, United Kingdom"
13103085h,Hôtel de Paris,Buildings in Luxembourg (City)
15640601h,Palacio del Marqués de Velada,"building in Province of Ávila, Spain"
4261094h,Downtown Grand Hotel & Casino,"casino hotel in Las Vegas, Nevada"
3699364h,Culver Hotel,"historical building in Culver City, California, US"
4261384h,Las Vegas Club,"former casino in Las Vegas, Nevada"
4793581h,Arminius Hotel,United States historic place
4792351h,Arlington Hotel,United States historic place
4791273h,Arizona Charlie's Boulder,"hotel and casino in Las Vegas, Nevada"
4260261h,Price Tower,"high-rise building in Bartlesville, Oklahoma, United States"
4272608h,Fairmont San Francisco,"historic hotel in San Francisco, California, United States"
4725573h,Aliante Casino and Hotel,"hotel and casino in North Las Vegas, Nevada"
4261374h,Suncoast Hotel and Casino,"casino hotel in Las Vegas, Nevada"
4806513h,Hilton Istanbul Bosphorus,"hotel in Istanbul, Turkey"
4479814h,West Baden Springs Hotel,"national historic landmark hotel in West Baden Springs, Orange County, Indiana"
4272804h,Breakers Hotel,luxury historic hotel
4596016h,1 Snow Hill Plaza,"highrise office building in Birmingham, England"
4385582h,Page-Walker Hotel,"historic house in North Carolina, United States"
4261513h,Grand Central Hotel,proposed hotel
4448816h,Tsukuba Center Building,"building in Tsukuba, Ibaraki Prefecture, Japan"
4040675h,Hilton Prague,"hotel in Karlín, Czech Republic"
7988923h,Westin San Francisco Market Street,hotel in San Francisco
7988926h,Westin St. Francis,"hotel in San Francisco, California"
17835167h,2 Tower Dykeside,"building in Scottish Borders, Scotland, UK"
18008489h,Torre del Remei,"rural building in Bolvir, Cerdanys, Catalonia"
280910h,Vdara,"resort in Las Vegas, Nevada"
278380h,The Drew Las Vegas,"casino resort in Las Vegas, Nevada"
306000h,Abbasi Hotel,"hotel in Isfahan, Iran"
280339h,Tropicana Las Vegas,"casino resort in Las Vegas, Nevada"
546221h,Trump International Hotel and Tower,"skyscraper condo-hotel in downtown Chicago, Illinois"
510121h,Schlosshotel Kronberg,"château in Kronberg im Taunus, Hesse, near Frankfurt am Main"
4949600h,Boulder Station,"hotel and casino in Sunrise Manor, Nevada, United States"
4979998h,Bryan Building,"building in Florida, United States"
4841991h,Baglioni Hotel,"hotel in London, England"
4822225h,Hilton Izmir,"hotel in Izmir, Turkey"
4842213h,Baha Mar,hotel and Casino
10526554h,Hotel Knaust,"hotel in Sundsvall, Sweden"
11330330h,Hilton Nagoya,4-star Hotel in Nagoya
11330332h,Hilton Odawara Resort & Spa,"hotel in Odawara, Japan"
11330335h,Hilton Tokyo Bay,"4-star hotel in Urayasu, Chiba prefecture, Japan"
10526572h,Hotel Billingen,"building in Skövde Municipality, Västra Götaland County, Sweden"
6824905h,Metropolis,"40-storey residential / hotel skyscraper in the Auckland CBD of Auckland, New Zealand"
7126178h,Palace Hotel Residential Tower,proposed residential skyscraper in San Francisco
6421328h,Han-Hsien International Hotel,"Hotel in Lingya District of Kaohsiung, Taiwan"
7247936h,Professional Building,building in Phoenix
6747847h,Mandarin Orchard Singapore,building complex
6172690h,Jeddah Hilton Hotel,"hotel in Jeddah, Saudi Arabia"
7216435h,Hilton Tel Aviv,"5-star hotel in Tel Aviv, Israel"
6825178h,Hilton Beirut Metropolitan Palace,"hotel in Beirut, Lebanon"
6439146h,Krrish Square,Mixed-use tower complex in Sri Lanka
6448583h,Vakil Caravanserai,"caravanserai in Kerman, Iranian national heritage site"
6493973h,Lassen Hotel,"hotel building in Wichita, Kansas"
6869131h,Minor Sod House,Historic house in Kansas
6538417h,Zargar Yazdi House,"mansion in Yazd, Iranian national heritage site"
6411467h,King Edward Hotel,"also known as Edwards Hotel, listed on the NRHP in Mississippi"
7203612h,Plaza Hotel & Casino,"casino hotel in Las Vegas, Nevada, United States"
6751307h,Manor Apartment Hotel,"Heritage listed hotel in Brisbane, Australia"
6914041h,Morrison Hotel,American skyscraper
7040843h,Nisiyama Onsen Keiunkan,"hot spring hotel in Hayakawa, Yamanashi Prefecture, Japan, Founded in 705 AD, it is the oldest hotel and one of the oldest companies in operation"
6747856h,Loews Regency San Francisco,hotel in San Francisco
6353197h,Han-Lai New World Center,skyscraper located in Cianjin
17834531h,1 Tower Knowe,"site of former hotel in Hawick Scottish Borders, Scotland, UK"
17444904h,DoubleTree by Hilton Hotel London - Docklands Riverside,hotel in London
16833188h,Lloyd-Bahnhof,"building in Bremen, Germany"
17229982h,Hilton Fukuoka Sea Hawk,"hotel in Fukuoka, Japan"
17549646h,"2, 3 and 4, Regency Square","houses in Brighton, UK"
17183802h,"Castle Hotel, Ruthin","pub in Ruthin, Wales"
16890775h,Crown Sydney,"building in Sydney, Australia completed in 2020"
17226268h,Hilton Tokyo,"hotel in Tokyo, Japan"
17444624h,Hilton Garden Inn Frankfurt Airport,"hotel at Frankfurt airport, Germany"
16621592h,Villa Torretta,"hotel in Sesto San Giovanni, Italy"
17390148h,Citadel of Cascais,"building in Cascais, Lisbon District, Portugal"
17534979h,5 and 7 High Street and Falcon Hotel Annexe,"building in Uppingham, Rutland, England, UK"
16995460h,Wyndham Springfield City Centre,"30-story hotel tower in Springfield, Illinois, USA"
17557267h,11 Market End,"part of the White Hart Hotel in Coggeshall, Essex, England, UK"
17043498h,Viciebsk,hotel
17619057h,Agronomitalo,building in Helsinki
17834566h,"Hawick, 3, 4 Tower Dykeside","architectural structure in Scottish Borders, Scotland, UK"
16949846h,B&O Railroad Headquarters Building,"historic mixed-use building in Baltimore, United States"
16843761h,Hilton Diagonal Mar Barcelona,"hotel in Barcelona, Spain"
17444603h,Hilton Frankfurt Airport,"hotel in Frankfurt am Main, Germany"
17834546h,"Hawick, 1 Tower Dykeside","architectural structure in Scottish Borders, Scotland, UK"
17533843h,Polebarn House,"building in Trowbridge, Wiltshire, United Kingdom"
17554574h,Fritton Old Hall,"building in Fritton, Great Yarmouth, Norfolk, United Kingdom"
16318627h,Abeno Harukas,skyscraper in Osaka
17512898h,Arlington Hotel,"Historic hotel in Paris, Ontario"
17793480h,Hilton Edinburgh Carlton,"hotel in Edinburgh, United Kingdom"
16528268h,Aquarium et Musée de la Mer de Dinard,"building in Dinard, France"
17532427h,Stanley House,"building in Mellor, Lancashire, United Kingdom"
17544934h,Barton Seagrave Hall,"country house hotel in Northamptonshire, United Kingdom"
10352195h,Convento dos Lóios,"building in Arraiolos, Évora District, Portugal"
10352207h,Antigo Convento do Desagravo do Santíssimo Sacramento,"building in Oliveira do Hospital, Coimbra District, Portugal"
10344021h,Palácio de Estói,"building in Faro, Faro District, Portugal"
10352202h,Capela e Hospital da Santa Casa da Misericórdia de Ourém,hospital in Portugal
10524047h,Hilton Stockholm Slussen,"hotel in Stockholm, Sweden"
10343928h,Palácio Belmonte,"building in Lisbon, Lisbon District, Portugal"
10352206h,Pousada de Viseu,hospital in Portugal
9294078h,Hilton Gdańsk,"hotel in Gdańsk, Poland"
9294080h,Hotel Jalta,hotel building in Prague
10352218h,Solar da Rede,"building in Mesãeso Frio, Vila Real District, Portugal"
9358597h,El Rancho Hotel and Casino,"hotel and casino in Nevada, United States"
10332618h,Mosteiro de Flor da Rosa,"building in Crato, Portalegre District, Portugal"
9054487h,Palácio do Freixo,"Nacional Monument in Porto, Portugal"
9871323h,Convento das Eremitas de Santo Agostinho,"building in Tavira Municipality, Faro District, Portugal"
10524043h,Hilton Nairobi,"hotel in Nairobi, Kenya"
10352219h,Convento dos Lóios,"building in Évora, Évora District, Portugal"
10352192h,Convento das Chagas (Vila Viçosa),"building in Vila Viçosa, Évora District, Portugal"
10352211h,Convento de Nossa Senhora da Boa Esperança,"building in Belmonte, Castelo Branco District, Portugal"
10352198h,Pousada de Condeixa-a-Nova,"building in Condeixa-a-Nova Municipality, Coimbra District, Portugal"
9294281h,Ameri House,"mansion in Kashan, Iran"
7969454h,Merdeka 118,"skyscraper under construction in Kuala Lumpur, Malaysia"
7988922h,Westin Las Vegas,"hotel in Nevada, United States"
779373h,The Linq,"casino resort in Las Vegas, Nevada"
739914h,Rio All-Suite Hotel and Casino,"casino hotel in Las Vegas, Nevada"
743147h,Hotel Negresco,hotel
804686h,Balboa Inn,hotel
752939h,RMS Queen Mary,Retired British ocean liner
654906h,Binion's Horseshoe,skyscraper
616726h,Hooters Casino Hotel,"casino hotel in Las Vegas, Nevada"
646339h,Hotel Torni,"historical hotel located in Helsinki, Finland"
637389h,Luxor Resort & Casino,hotel and casino in Las Vegas
634258h,Veer Towers,"condominium apartment complex in Las Vegas, Nevada"
656743h,Kingdom Centre,"Skyscraper in Riyadh, Saudi Arabia"
654279h,Aria Resort and Casino,"resort and casino in Las Vegas, Nevada"
1347033h,Dunes,hotel and casino in Las Vegas (1955-1993)
1324543h,El Rancho Hotel & Motel,hotel building in Gallup in United States of America
1368043h,Mandalay Bay,"casino resort in Las Vegas, Nevada"
1340365h,Westgate Las Vegas Resort & Casino,"casino resort in Las Vegas, Nevada"
1342565h,Planet Hollywood Resort & Casino,"casino resort in Las Vegas, Nevada"
1360313h,Treasure Island Hotel and Casino,"casino hotel in Las Vegas, Nevada"
1340132h,Encore,resort in Las Vegas
7745429h,The Landmark Hotel and Casino,"former casino hotel in Las Vegas, Nevada"
7756547h,The Peninsula Chicago,"luxury hotel in Chicago, Illinois"
7503956h,Shrigley Hall,"country house in Cheshire, UK"
7553769h,Pullman Bangkok Hotel G,"skyscraper in Bangkok, Thailand"
7336896h,Ritz-Carlton Chicago,"hotel in Chicago, United States"
7754900h,"The Old Rectory, St Columb Major","historic building in St. Columb Major, Cornwall, England"
7374338h,Royal Insurance Building,"building on North John Street, Liverpool, Merseyside, United Kingdom"
7774298h,The Western,"former hotel and casino in Las Vegas, Nevada"
7419570h,Santa Fe Station,"hotel and casino in Las Vegas, Nevada"
7736171h,The George Hotel,"hotel and former coaching inn in Crawley in West Sussex, England"
7281354h,Hilton Dubai Creek,"hotel in Dubai, United Arab Emirates"
7520490h,Simonsbath House,"house in Exmoor, West Somerset, Somerset, UK"
7720948h,The Cairo,"apartment building in Washington, D.C"
7575371h,Speech House,"building in West Dean, United Kingdom"
7553767h,DoubleTree by Hilton Hotel Shanghai - Pudong,"hotel in Shanghai, China"
7832418h,"The Trafalgar St. James London, Curio Collection by Hilton","hotel in London, United Kingdom"
7304924h,"Red Rock Casino, Resort & Spa","casino resort in Las Vegas, Nevada"
7591596h,St. Regis Museum Tower,"skyscraper in San Francisco, California"
7641354h,Sunset Station,"hotel and casino in Henderson, Nevada"
7730896h,The Drayton Court,public house and beer garden
7643550h,Superior Oil Company Building,"historic building, now hotel, in Los Angeles, California"
7553765h,Sofitel Chicago Water Tower,"building in Chicago, Illinois"
3281025h,APA Hotel & Resort Tokyo Bay Makuhari,"hotel in Mihama-ku, Chiba"
3359202h,Wyndham Grand İzmir Özdilek,"high-rise building in İzmir, Turkey"
3185653h,Joseph Smith Memorial Building,"historic building in Salt Lake City, Utah, United States"
3471438h,San Francisco Marriott Marquis,"known for its distinctive ""jukebox"" appearance"
3278286h,Main Street Station Hotel and Casino and Brewery,"hotel, casino and brewery in Las Vegas, Nevada"
3498798h,Hilton San Francisco Union Square,hotel in San Francisco
3153055h,InterContinental San Francisco,"hotel in San Francisco, California"
3482309h,Shiodome Media Tower,"building in Minato-ku, Tokyo, Japan"
3192583h,Kanayama Minami Building,"building in Nagoya, Aichi Prefecture, Japan"
3356472h,The Orleans,"casino hotel in Las Vegas, Nevada"
3414568h,Quinta das Lágrimas,"building or structure in Coimbra, Portugal"
3389734h,Place Bonaventure,"building in Quebec, Canada"
3533060h,Tour Duo,Two skyscrapers in Paris
3545225h,"Sam's Town Hotel and Gambling Hall, Las Vegas","casino hotel in Las Vegas, Nevada"
5230243h,Davenport Hotel,"hotel in Davenport, Iowa, United States"
5061223h,Central House Hotel,"Boscobel, Wisconsin, listed on the NRHP in Wisconsin"
5049621h,Castaways Hotel and Casino,"former casino resort in Las Vegas, Nevada"
5179785h,Coworth House,country house hotel
4999251h,Burlington Hotel,"hotel building in Alma, Wisconsin"
5049843h,Castle of Vila Nova de Cerveira,"building in Vila Nova de Cerveira Municipality, Viana do Castelo District, Portugal"
5189543h,Crowne Plaza Times Square,"hotel in New York City, United States"
5302326h,Dousman Hotel,"historic hotel located at the intersection of Fisher Street and River Road in Prairie du Chien, Wisconsin"
5049734h,Castle of Alcácer do Sal,"building in Alcácer do Sal, Setúbal District, Portugal"
5065298h,Cerulean Tower,"building in Shibuya, Tokyo, Japan"
5330926h,Eastside Cannery,"hotel and casino in Nevada, United States"
5120095h,Cimarron Hotel,"historic hotel located in Cimarron, a small town located in southwest Kansas, United States"
4993716h,Castle of Alvito,"building in Alvito Municipality, Beja District, Portugal"
4985118h,Texas Station,"hotel and casino in North Las Vegas, Nevada"
77416106h,DoubleTree by Hilton Glasgow Westerwood Spa & Golf Resort,"hotel in North Lanarkshire, United Kingdom"
72172868h,DoubleTree by Hilton Madrid - Prado,"hotel in Madrid, Spain"
76355045h,Arena Center,"high-rise building in Tirana, Albania"
69383898h,Hilton Sydney,"hotel in Sydney, Australia"
72278577h,Hilton Jaipur,"hotel in Jaipur, India"
76721707h,Hilton Kuching,"hotel in Kuching, Malaysia"
75018491h,Hilton Garden Inn Krakow,"hotel in Kraków, Poland"
69647678h,Hilton Aberdeen TECA,"hotel at Aberdeen airport, United Kingdom"
77418726h,Hilton Garden Inn Lusaka Society Business Park,"hotel in Lusaka, Zambia"
71817207h,Hampton by Hilton Warsaw Airport,"hotel in Warsaw, Poland"
76021053h,ANA Crowne Plaza Akita,"a hotel in Akita, Akita, Japan"
72067004h,DoubleTree by Hilton Moscow - Vnukovo Airport,"hotel in Vnukovo, Russia"
73621829h,Hilton Luxor Resort & Spa,"hotel in Luxor, Egypt"
73640935h,Santa Casa da Misericórdia de Óbidos,hospital
74527699h,Hilton Capital Grand Abu Dhabi,"hotel in Abu Dhabi, United Arab Emirates"
72988389h,DoubleTree by Hilton Hotel Zanzibar - Stone Town,"hotel in Stone Town, Tanzania"
78054939h,"AlRayyan Hotel Doha, Curio Collection by Hilton","hotel in Doha, Qatar"
73274620h,Pellihof,"building in Rendsburg, Germany"
73898961h,Hilton Garden Inn Zagreb - Radnicka,"hotel in Zagreb, Croatia"
73139954h,Hilton Tangier Al Houara Resort & Spa,"hotel in Tangier, Morocco"
76620470h,Hampton by Hilton Dubai Al Barsha,"hotel in Dubai, United Arab Emirates"
69531148h,Hampton by Hilton Amsterdam Airport Schiphol,"hotel near Schiphol Airport, Netherlands"
76726211h,DoubleTree by Hilton Hotel Moscow - Marina,"hotel in Moscow, Russia"
70206906h,Hilton Garden Inn Kuala Lumpur Jalan Tuanku Abdul Rahman North,"hotel in Kuala Lumpur, Malaysia"
72812966h,Hilton Addis Ababa,"hotel in Addis Ababa, Ethiopia"
78036841h,Hilton Guam Resort & Spa,"hotel in Tamuning, USA"
73499085h,Hampton by Hilton Berlin City Centre Alexanderplatz,"hotel in Berlin, Germany"
76795105h,Hilton Sharks Bay Resort,"hotel in Sharm el-Sheikh, Egypt"
72177013h,Palacete B. Carrera,building in Brazil
76724214h,DoubleTree by Hilton Krakow Hotel & Convention Center,"hotel in Kraków, Poland"
68167138h,Hotel Pyramida,hotel building in Prague
71828738h,"Hilton Puckrup Hall, Tewkesbury","hotel in Tewkesbury, United Kingdom"
71409297h,Hilton London Watford,"hotel in Watford, United Kingdom"
75971164h,Hilton Garden Inn Riyadh Olaya,"hotel in Riyadh, Saudi Arabia"
74665770h,DoubleTree by Hilton Hotel Jakarta - Diponegoro,"hotel in Jakarta, Indonesia"
75721557h,DoubleTree by Hilton Edinburgh - Queensferry Crossing,"hotel in Fife, United Kingdom"
74812978h,DoubleTree by Hilton Hotel Aqaba,"hotel in Aqaba, Jordan"
73879785h,Hilton Mandalay,"hotel in Mandalay, Myanmar"
896259h,Monrepos,human settlement
869378h,California Hotel and Casino,"casino hotel in Las Vegas, Nevada"
900983h,The Mirage,"casino hotel in Las Vegas, Nevada"
804702h,Balch Hotel,architectural structure
845846h,"The STRAT Hotel, Casino & SkyPod","hotel, casino, and tower located in Las Vegas"
851102h,Hotel Kvarner,hotel in Croatia
805467h,Bally's Las Vegas Hotel & Casino,"hotel and casino on the Las Vegas Strip in Paradise, Nevada, USA"
68121379h,Parkhotel Praha,hotel building in Prague
66771676h,Hilton Shillim Estate Retreat & Spa,"hotel in Shillim, India"
66969081h,Hampton by Hilton Leeds City Centre,"building in Leeds, West Yorkshire"
66658603h,Hilton Pattaya,"hotel in Pattaya, Thailand"
66660297h,Hilton Garden Inn Dubai Al Mina,"hotel in Dubai, United Arab Emirates"
67920401h,Hilton Malta,hotel in Malta
66924306h,Jurys Inn Leeds,"building in Leeds, West Yorkshire"
66969326h,Hilton Leeds City,"hotel in Leeds, United Kingdom"
66586875h,Hilton Makkah Convention Hotel,"hotel in Mecca, Saudi Arabia"
66814366h,"Hotel Ritz, incluindo o património integrado","cultural heritage monument in Lisboa, Portugal"
67868674h,DoubleTree by Hilton Royal Parc Soestduinen,"hotel in Soestduinen, Netherlands"
66813051h,"Palácio Hotel de Bussaco, Palacete Hotel do Buçaco","cultural heritage monument in Mealhada, Portugal"
66813690h,Castle of Estremoz,"cultural heritage monument in Estremoz, Portugal"
67863357h,Hilton Glasgow Grosvenor,"hotel in Glasgow, Scotland, UK"
67874379h,Hampton by Hilton Dundee City Centre,"hotel in Dundee, Scotland, UK"
67206508h,Hilton Garden Inn Rome Airport,"4-star hotel in Fiumicino, Italy"
66969175h,Ibis Leeds Centre,"building in Leeds, West Yorkshire"
67765140h,Conrad Koh Samui,"hotel in Ko Samui, Thailand"
67013894h,DoubleTree by Hilton Hotel Olbia - Sardinia,"hotel in Sardinia, Italy"
64769038h,Washingtonova 23,building in Prague
64785112h,"Hotel Villa Magna, Madrid","building in Madrid, Spain"
65769542h,DoubleTree by Hilton Carcassonne,"hotel in Carcassonne, France"
63790123h,Hilton Garden Inn Kampala,"hotel in Kampala, Uganda"
66437370h,DoubleTree by Hilton Dubai - Business Bay,"hotel in Dubai, United Arab Emirates"
65043882h,Rickman House,"hotel building in Kalamazoo, Michigan"
64827562h,Hilton Garden Inn Singapore Serangoon,hotel in Singapore
64933804h,Hilton Garden Inn Ras Al Khaimah,"hotel in Ras Al Khaimah, United Arab Emirates"
66424250h,Hilton Garden Inn Istanbul Golden Horn Turkey,"hotel in Istanbul, Turkey"
64363310h,DoubleTree by Hilton Hotel Bristol City Centre,"hotel in Bristol, United Kingdom"
64868965h,Hilton Garden Inn Bristol City Centre,"hotel in Bristol, United Kingdom"
65042009h,Broadway Hotel,"historic hotel building in Salt Lake City, Utah, United States"
64822290h,Hilton Reykjavik Nordica,"hotel in Reykjavík, Iceland"
63883252h,Hilton Moorea Lagoon Resort & Spa,"hotel in Moorea, France"
66423173h,Waldorf Astoria Ras Al Khaimah,"hotel in Ras Al Khaimah, United Arab Emirates"
66424172h,Hilton Nicosia,"hotel in Nicosia, Cyprus"
64152343h,DoubleTree by Hilton Cambridge Belfry,"hotel in Cambridge, United Kingdom"
65218555h,"Danubius Hotel Hungaria City Center, Budapest","hotel in Budapest, Hungary"
63435869h,Fort Worth Club Building,"building in Fort Worth, Tarrant County, Texas"
66382805h,Conrad Dublin,"hotel in Dublin, Ireland"
63608863h,DoubleTree by Hilton Hotel London - Victoria,"hotel in London, United Kingdom"
64701276h,Hilton Seychelles Labriz Resort & Spa,"hotel in Silhouette Island, Seychelles"
64845961h,Conrad Algarve,"hotel in Algarve, Portugal"
64992591h,Hampton by Hilton Exeter Airport,"hotel in Exeter, United Kingdom"
65037569h,Parnitha Sanatorium,former tuberculosis sanatorium in Athens
63164854h,Hilton Garden Inn Luton North,"hotel in Luton, United Kingdom"
65770076h,Hilton Garden Inn Glasgow City Centre,"hotel in Glasgow, United Kingdom"
63296024h,Hilton Garden Inn Kuala Lumpur Jalan Tuanku Abdul Rahman South,"hotel in Chow Kit, Kuala Lumpur, Malaysia"
64859000h,Hilton Colombo,"hotel in Colombo, Sri Lanka"
66439260h,DoubleTree by Hilton Hotel Gurgaon - New Delhi NCR,"hotel in New Delhi, India"
63859908h,Hilton Garden Inn Tirana,"hotel in Tirana District, Albania"
63190257h,Hilton Brisbane,"hotel in Brisbane, Australia"
65042333h,The Salvation Army Building,"historic building in Pittsburgh, Pennsylvania"
64845950h,Hampton by Hilton Amsterdam / Arena Boulevard,"hotel in Amsterdam, Netherlands"
63832005h,Hampton by Hilton Warsaw Mokotow,"3-star hotel in Warsaw, Poland"
63869688h,DoubleTree by Hilton Kocaeli,"hotel in Kocaeli, Turkey"
63975276h,Hampton by Hilton Belfast City Centre,"hotel in Belfast, United Kingdom"
63885416h,Hilton Garden Inn Birmingham Brindleyplace,"hotel in Birmingham, United Kingdom"
50356312h,Hotel Palace of Valencia,"building in Valencia, Spain"
49807274h,Hilton London Bankside,"hotel in London, United Kingdom"
49594143h,Kurstraße 6,house in Torgau in Germany
50841764h,Hilton York,"hotel in York, United Kingdom"
49593839h,Friedrichplatz 8,commercial building in Torgau in Germany
49595033h,Schloßstraße 5,house in Torgau in Germany
50611971h,Hampton by Hilton London Gatwick Airport,"hotel at Gatwick Airport, United Kingdom"
50308536h,DoubleTree by Hilton Hotel Dubai - Jumeirah Beach,"hotel in Dubai, United Arab Emirates"
50809149h,Hilton Astana,"hotel in Nur-Sultan, Kazakhstan"
50353048h,Hilton Istanbul Bomonti Hotel & Conference Center,"hotel in Istanbul, Turkey"
33035435h,DoubleTree by Hilton Hotel Istanbul - Moda,"hotel in Istanbul, Turkey"
42341625h,DoubleTree by Hilton Hotel London - Hyde Park,4-star hotel in London with 228 guest rooms.
43371249h,Brooks Hotel,hotel in Ravalli County in United States of America
47902573h,Schloss Kölzow,"Cultural heritage monument in Kölzow, Mecklenburg-Vorpommern, Germany"
45316350h,DoubleTree by Hilton Hotel Edinburgh City Centre,"hotel in Edinburgh, United Kingdom"
37858682h,DoubleTree by Hilton Hotel Leeds City Centre,"hotel in Leeds, United Kingdom"
47518776h,Millennium Hilton Bangkok,"hotel in Bangkok, Thailand"
33382454h,DoubleTree by Hilton Hotel Melbourne - Flinders Street,"hotel in Melbourne, Australia"
37858337h,Hampton by Hilton Glasgow Central,"hotel in Glasgow, United Kingdom"
33189243h,Feuerschiff,"museum ship and restaurant in Hamburg, Germany"
37857517h,Hampton by Hilton Birmingham Jewellery Quarter,"hotel in Birmingham, United Kingdom"
49593283h,Breite Straße 19,house in Torgau in Germany
42748124h,Shah Abbasi Caravanserai of Abuzeydabad,"caravanserai in Abuzeydabad, Iranian national heritage site"
38251391h,3 V Tourist Court,United States historic place
48843972h,Booth Hotel,"hotel building in Independence, Kansas"
41300192h,Hilton Pyramids Golf,"hotel in 6th of October City, Egypt"
42874514h,Golshan House (Yazd),"mansion in Yazd, Iranian national heritage site"
40037779h,Dämman,"lighthouse in Mönsterås Municipality, Baltic coast, Sweden"
49393251h,DoubleTree by Hilton Hotel Kuala Lumpur,"hotel in Kuala Lumpur, Malaysia"
47401774h,Conrad Bora Bora Nui,"hotel in Bora Bora, France"
41069183h,Hilton Amsterdam Airport Schiphol,"hotel near Schiphol Airport, Netherlands"
47004857h,Brandt Hotel,"hotel building in Alma, Kansas"
42867978h,Tehrani House (Yazd),"mansion in Yazd, Iranian national heritage site"
45472344h,Hilton Tanger City Center Hotel & Residences,"hotel in Tangier, Morocco"
38251968h,Bonneville Hotel,"hotel building in Idaho Falls, Idaho"
33229354h,Hilton London Croydon,"hotel in Croydon, United Kingdom"
43031921h,Corona Hotel in Baia Sprie,"heritage site in Maramureș County, Romania"
47166648h,Palau Benet-Desvilar,"house in Barcelona, Spain"
44406603h,Hampshire House,skyscraper in New York City
49573628h,Hilton Cabo Verde Sal Resort,"hotel in Santa Maria, Sal Island, Cape Verde"
33101471h,DoubleTree by Hilton Hotel Cluj - City Plaza,"hotel in Cluj-Napoca, Romania"
34204337h,Waldorf Astoria Dubai Palm Jumeirah,5-star hotel in Dubai
114289194h,Grand Hôtel G. Scheers,"former hotel in Brussels, Belgium"
113164237h,Clarendon Hotel,"Historic hotel in Green Cove Springs, Florida"
115282741h,Nedermolen,"former watermill at Meldert, Belgium"
113163876h,St. James Hotel,"Historic hotel in Jacksonville, Fla."
113564549h,Hôtel La Pérouse,"building in Paris, France"
113164146h,Palmetto House,"Historic hotel in Green Cove Springs, Florida"
116215655h,Hotel Antonio Perez,The former hotel Antonio Perez from the late 17th century. Converted at the end of the 19th century into offices and warehouses of the liqueur distiller Jacques Neefs. By project developer M.P. Omega converted into a residential complex.
113164074h,Windsor Hotel,"Historic hotel in Jacksonville, Florida"
113171856h,Union House,"Historic hotel in Green Cove Springs, Florida"
1429071h,New York-New York Hotel and Casino,hotel and casino in Las Vegas
1412478h,"The Waldorf Hilton, London","hotel in Westminster, London, United Kingdom"
1368798h,SEG Plaza,"skyscraper located in Shenzhen, China"
1430318h,Rossiya Hotel,"former hotel in Moscow, demolished in 2007"
1426968h,Flamingo Las Vegas,"casino hotel in Las Vegas, Nevada"
1401439h,Schüttkasten Geras,"building in Lower Austria, Austria"
30438998h,Hilton Dusseldorf,"hotel in Düsseldorf, Germany"
30504052h,DoubleTree by Hilton Hotel London - Marble Arch,"4-star hotel located in Marylebone and close to Marble Arch, London"
31277862h,Hilton Tallinn Park,"hotel in Tallinn City, Estonia"
30522857h,Hilton Brussels Grand Place,"hotel in Brussels, Belgium"
31827676h,U zlatého anděla,building in Prague
31827738h,U Medvídků,building in Prague
30736107h,Hilton Imperial Dubrovnik,"hotel in Dubrovnik, Croatia"
32947262h,Hilton Garden Inn New Delhi/Saket,"hotel in New Delhi, India"
30927563h,Koriyama View Hotel Annex,"hotels in Koriyama, Fukushima, Japan"
30504754h,Hilton Nottingham,"hotel in Nottingham, United Kingdom"
30644484h,Hotel Manger,former hotel in Boston
31861463h,"Krajinská 41, Zátkův dům","house in České Budějovice 1, Czech Republic"
30946698h,Hilton Garden Inn Hong Kong Mongkok,"hotel in Mong Kok, Hong Kong"
98433825h,Suomi-yhtiön talo,"building in Helsinki, Finland"
98433345h,Valtion biokemiallisen tutkimuslaitoksen laboratoriorakennus,"building in Helsinki, Finland"
98582250h,Hotel Villa,"hotel and protected building in Tampere, Finland"
98433742h,Katajanokan vankilan rakennus,"building in Helsinki, Finland"
98550889h,Villa Gaia,"building in Marina di Grosseto, Italy"
98784123h,"Stadshotellet, Karlstad","building in Karlstad Municipality, Sweden"
98433308h,Valion juustovaraston rakennus,"building in Helsinki, Finland"
113051152h,Putnam House,"Historic hotel in Palatka, Florida"
111243216h,Hilton Singapore Orchard,hotel in Singapore
110407965h,Tours Odyssey,Three mixed-use skyscrapers in Paris La Défense
110660109h,Silk Road Hotel (Yazd),"mansion in Yazd, Iran"
110660372h,Dalan-e Behesht Hotel,"mansion in Yazd, Iran"
110664670h,Khesht Abad Hotel,"mansion in Yazd, Iran"
110735133h,Can Balaguer,"building in Palma, on Carrer del Sol"
111445383h,Chestnut Residence and Conference Centre,off-campus student residence on the University of Toronto St. George campus
110831132h,Casa Gabino Bobo,"building in Zamora, Spain"
110681137h,Zoerselhof,"mansion at Zoersel, Belgium"
112168936h,De Gouden Leeuw,"former inn in Zottegem, Belgium"
110251555h,Ostrovní 15,building in Prague
110010967h,"SAii Lagoon Maldives, Curio Collection by Hilton",hotel in Maldives
110041692h,Central téléphonique Ségur,building located in Paris
112147576h,Torenhuis,"artist villa in Sint-Martens-Latem, Belgium"
111041461h,DoubleTree by Hilton Hannover Schweizerhof,"hotel in Hannover, Germany"
110147122h,Hilton Garden Inn London Heathrow Terminals 2 and 3,One of the Hilton Garden Inn Heathrow hotels at the airport
112111547h,Lepopirtti,"building in Siuntio, Finland"
30140581h,DoubleTree by Hilton Hotel Oradea,"hotel in Oradea, Romania"
30242708h,DoubleTree by Hilton Hotel Avanos - Cappadocia,"hotel in Nevşehir, Turkey"
30090585h,Conrad Makkah,"hotel in Mecca, Saudi Arabia"
30035305h,Hilton Saint Petersburg ExpoForum,"hotel in Saint Petersburg, Russia"
30277430h,Hilton Batumi,"hotel in Batumi, Georgia"
30337433h,Hilton Garden Inn Volgograd,"hotel in Volgograd, Russia"
30402016h,Hilton Belfast,"4-star Hotel in Belfast, UK"
30047899h,Hilton Garden Inn Stuttgart NeckarPark,"hotel in Stuttgart, Germany"
29981099h,Conrad Bali,"hotel in Bali, Indonesia"
30174421h,Hilton Colombo Residences,"hotel in Colombo, Sri Lanka"
29909111h,Hotel Alfonso X El Sabio,building in Ciudad Real
30097821h,Conrad Beijing,"hotel in Beijing, China"
30097763h,"The Westminster London, Curio Collection by Hilton","hotel in London, England"
30302746h,Hilton Brussels City,"hotel in Brussels, Belgium"
30301927h,Hampton by Hilton Bristol City Centre,"hotel in Bristol, United Kingdom"
30347445h,DoubleTree by Hilton Hotel Milan,"hotel in Milan, Italy"
30409284h,Hilton Vienna Park,"5-star hotel in Vienna, Austria"
30346525h,Hilton Edinburgh Grosvenor,"hotel in Edinburgh, United Kingdom"
29948012h,DoubleTree by Hilton Hotel Edinburgh Airport,"hotel in Edinburgh, United Kingdom"
30308807h,Hilton Alexandria King's Ranch,"hotel in Alexandria, Egypt"
30307361h,Hilton Hurghada Plaza,"hotel in Hurghada, Egypt"
30021076h,Hilton Cologne,"Experience the unique mix of modern and traditional beauty of Cologne. Hilton Cologne puts you in the heart of the city, just steps from famous sites and museums."
30251296h,Hilton Garden Inn Matera,"hotel in Matera, Italy"
30021879h,DoubleTree by Hilton London Heathrow Airport,"hotel near Heathrow airport, London, United Kingdom"
30306779h,Hilton Adelaide,"hotel in Adelaide, Australia"
30014678h,DoubleTree by Hilton Hotel Istanbul - Old Town,"hotel in Istanbul, Turkey"
30139243h,Hilton Prague Old Town,"hotel in Prague, Czech Republic"
30407987h,DoubleTree by Hilton Hotel Wroclaw,"hotel in Wrocław, Poland"
30147522h,Hilton Dubai Jumeirah,"hotel in Dubai, United Arab Emirates"
1436845h,Cosmopolitan of Las Vegas,"casino hotel in Las Vegas, Nevada"
1457875h,Villa Crespi,villa
1481002h,The Ritz London,luxury hotel in England
104083353h,Commercial Hotel,"building in Cygnet, Tasmania"
104830558h,Welsbach Building,"historic building in Columbus, Ohio, U.S"
100877359h,Müritz Hotel,"former hotel in Klink, Germany"
108729880h,Kasteel Solhof,"château and hotel in Aartselaar, Belgium"
106090892h,"Overtoom 33, Amsterdam","historic building in Amsterdam, The Netherlands"
108309815h,Can Cera,building in Palma (Mallorca)
99454646h,Conrad Bengaluru,"hotel in Bengaluru, India"
108865673h,Union Hotel,"hotel building in Meridian, Mississippi"
105621651h,Oubangui Hotel,building
105554563h,Heliopolis Towers Hotel,hotel in Cairo
108865646h,Lamar Hotel,"hotel building in Meridian, Mississippi"
108516880h,Villa Balbi,"building in Sestri Levante, Italy"
99703247h,Grand Hôtel,hotel in DInard
107121457h,Brinker Collegiate Institute,"school building in Denver, Colorado"
106393048h,Hampton by Hilton Bursa,Budget hotel in Bursa
104234251h,British Hotel,"building in Deloraine, Tasmania"
99583717h,Hôtel van Ertborn,building in Antwerp
103331335h,"32 Bond Street, Ross","building in Ross, Tasmania"
106192327h,Can Ferrandell,building in Palma (Mallorca)
108294146h,"Flour Mill at 129 Port avenue, Valencia","building in Valencia, Spain"
107168152h,Manor House Hotel,"former hotel in Chicago, Illinois"
107607598h,Hotel Dudley,"former hotel and Green Book historical site in Springfield, Illinois"
106996884h,Na můstku 10,house in Prague
109451447h,Panquinkazerne,"barracks at Tervuren, Belgium"
98407311h,Annankatu 1,"building in Helsinki, Finland"
98413370h,Kanavakatu 8,"building in Helsinki, Finland"
96377064h,Hilton Bursa Convention Center and Spa,Luxury Hotel in Bursa
86595792h,Valkealinna,"building in Oulu, Finland"
96757505h,Pazo of the Maceda Counts,"Manor house in Pontevedra, Spain"
85802924h,St. Nicholas Hotel,"hotel building in Albany, Georgia"
90404749h,Hilton Durban,"hotel in Durban, South Africa"
85845504h,Berwyn Apartments,"building in Berwyn, Illinois"
96743206h,Great Falls Tavern,historic tavern serves as the main C&O Canal National Historical Park visitor center
96787014h,Hilton Garden Inn Kuwait,hotel in Kuwait
79942014h,Hotel Amigo,"hotel in Brussels, Belgium"
84029894h,Hampton by Hilton Nuremberg City Centre,"hotel in Nuremberg, Germany"
81100400h,Casa Pere Villoch,"building in Barcelona, Spain"
98407274h,Albertinkatu 34 - Lönnrotinkatu 26,"building in Helsinki, Finland"
98407275h,Albertinkatu 34,"building in Helsinki, Finland"
98432053h,Pohjoinen Rautatiekatu 23,"building in Helsinki, Finland"
81100403h,Edifici Companyia Transatlàntica,"building in Barcelona, Spain"
85749503h,Bump Block-Bellevue House-Hawthorne Hotel,"historic seven-story building in Spokane, Washington"
85758819h,El Monte Hotel,"hotel building in Monte Vista, Colorado"
90545243h,Hilton Garden Inn Sevilla,"hotel in Seville, Spain"
98412733h,Hotelli Marskin talo,"building in Helsinki, Finland"
92176916h,Hilton London Heathrow Airport Terminal 5,"hotel in Slough, United Kingdom"
92263872h,Hilton Dublin Kilmainham,"hotel in Dublin, Ireland"
81495406h,DoubleTree by Hilton Bangkok Ploenchit,"hotel in Bangkok, Thailand"
98412731h,Hotelli Helsinki,"building in Helsinki, Finland"
93121772h,Hôtel Napoléon,"building in Cherbourg-en-Cotentin, France"
79309518h,MLC Building,"former office building, now a hotel, in Auckland, New Zealand"
90682834h,Hilton Sandton,"hotel in Sandton, South Africa"
86754328h,Inez Hotel,"historic three-story building in Brookhaven, Mississippi"
91607548h,Hilton Suites Makkah,"hotel in Mecca, Saudi Arabia"
78897920h,"West Hotel Sydney, Curio Collection by Hilton","5-star hotel located in Sydney, Australia"
89425684h,Rawema-Haus,"multi-purpose building in Chemnitz, Saxony"
916673h,The Signature at MGM Grand,"condo-hotel in Las Vegas, built in 2006"
979477h,Athenee Palace Hilton Bucharest,"hotel in Bucharest, Romania"
1011881h,Burg Großfurra,castle
1015042h,Burghaus Burgsahr,castle
1049027h,Jumeirah Emirates Towers Hotel,"56-storey hotel in the city of Dubai, United Arab Emirates"
1063195h,Torre de Madrid,Torre Madrid
1049209h,The Venetian,"hotel and casino resort in Las Vegas, Nevada, United States of Americas"
952861h,World Trade Centre Montreal,"office and hotel complex in Montreal, Quebec, Canada"
995338h,Bryson Apartment Hotel,architectural structure
1051604h,Four Queens,"casino resort in Las Vegas, Nevada"
1092961h,Circus Circus Las Vegas,"American casino hotel in Las Vegas, Nevada"
1136654h,The D Las Vegas,"hotel and casino in Las Vegas, Nevada"
1127749h,Hotel Kämp,"hotel in Kluuvi, Helsinki, Finland"
1106716h,"Kempinski Hotel Corvinus, Budapest",hotel
1116194h,The Leland Hotel,architectural structure
1136841h,Fremont Hotel and Casino,"hotel and casino Las Vegas, Nevada"
1064873h,Excalibur Hotel and Casino,hotel and casino in Las Vegas
1096141h,Act Tower,"skyscraper in Hamamatsu, Japan"
1107391h,Sands Hotel and Casino,"former hotel and casino on the Las Vegas Strip in Nevada, United States, that operated from 1952 to 1996"
1535845h,Riviera Hotel and Casino,"former casino hotel in Las Vegas, Nevada"
1504641h,Kaufhaus Jonaß,building
1541365h,Renaissance Center,"group of interconnected skyscrapers in Detroit, Michigan, United States of America"
1514587h,The Palazzo,"hotel and casino resort in Las Vegas, Nevada, United States of America"
1535018h,Golden Nugget Las Vegas Hotel & Casino,"hotel casino in Las Vegas, Nevada"
1237113h,Convento de Santa Maria do Bouro,"building in Amares, Braga District, Portugal"
1147483h,Sahara Las Vegas,"casino hotel in Las Vegas, Nevada"
1304383h,Waldorf Astoria Las Vegas,hotel in Las Vegas
1143174h,Ritz-Carlton Toronto,"skyscraper in Toronto, Canada"
1189944h,Hotel Porta Fira,"skyscraper in  Barcelona, Catalonia, Spain"
1281171h,Trump Hotel Las Vegas,"hotel in Las Vegas, Nevada"
1200583h,Desert Inn,"former hotel casino in Las Vegas, Nevada"
1309059h,Wynn Las Vegas,"luxury resort and casino located on the Las Vegas Strip in Paradise, Nevada"
19513101h,Hilton Manchester Deansgate,"hotel in Manchester, United Kingdom"
18760038h,Munkkiniemi education center,"school building in Helsinki, Finland"
18286846h,Waldorf Astoria Amsterdam,"hotel in Amsterdam, Netherlands"
18340195h,Hybernská 12,palace in Prague
19348190h,"25, place Dauphine",building in Paris
19307691h,Hilton Garden Inn London Heathrow Airport,"hotel at Heathrow airport, London, United Kingdom"
18112026h,DoubleTree by Hilton Hotel London - Chelsea,"hotel in London, United Kingdom"
18534517h,Hilton London Syon Park,"hotel at Heathrow airport, London, United Kingdom"
18813051h,Hilton Rotterdam,"5-star hotel in Rotterdam, the Netherlands"
19362430h,Gasthof Krone,Swiss cultural property of national significance in Gais
18509174h,Fayrouz Ressort,"Hilton Sharm El Sheikh Fayrouz Resort is just 12 minutes from Sharm El Sheikh International Airport and offers 210 rooms and suites, a private beach and watersports opportunities."
18712428h,Makkah Clock Royal Tower Hotel,"skyscraper hotel which is part of Abraj Al-Bait Towers in Mecca, Saudi Arabia"
18509281h,Hilton Hurghada Resort,"hotel in Hurghada, Egypt"
56651595h,Clayton Hotel Charlemont,4-star hotel located in Dublin
56598554h,Canopy by Hilton Reykjavik City Centre,"hotel in Reykjavík, Iceland"
56705491h,"former Hotel Castilla, Toledo","building in Toledo, Spain"
56711100h,Edifício A Tarde,"office building in Salvador, Bahia"
56214797h,Hilton Garden Inn Novorossiysk,"hotel in Novorossiysk, Russia"
56522910h,"Grand Hotel des Sablettes Plage, Curio Collection by Hilton","hotel in La Seyne-sur-Mer, France"
56478942h,Hilton Kuwait Resort,"hotel in Kuwait City, Kuwait"
56446735h,Hilton Beijing Capital Airport,"hotel in Beijing, China"
1580067h,Harrah's Las Vegas,"hotel casino in Las Vegas, Nevada"
62068054h,Conrad Cairo,"hotel in Cairo, Egypt"
63025895h,Hilton Dublin,"hotel in Dublin, Ireland"
61897167h,Conrad Bangkok,"hotel in Bangkok, Thailand"
62479268h,Hampton by Hilton Munich City West,"hotel in Munich, Germany"
61888685h,Hilton Fiji Beach Resort and Spa,"hotel in Nadi, Fiji"
61868406h,DoubleTree by Hilton Hotel Woking,"4-star hotel in Woking, United Kingdom"
61885625h,Hilton Marsa Alam Nubian Resort,"beach resort in Marsa Alam, Egypt"
54873914h,Clarke Hotel,"historic hotel in Hastings, Nebraska, USA"
54475217h,NH Collection Porto Batalha,"building in Porto, Porto District, Portugal"
56085005h,Clayton Hotel Chiswick,"4-star hotel located in Chiswick, West London."
56085020h,Clayton Hotel Leeds,4-star hotel located in Leeds City Centre
56085075h,Clayton Hotel Belfast,4-star hotel located in Belfast City Centre
52886668h,"Rome Cavalieri, A Waldorf Astoria Hotel","hotel in Rome, Italy"
53999203h,Hilton Niseko Village,"hotel in Niseko, Japan"
53806946h,Convento do Salvador,monastery in Lisbon
55605106h,Beaumont Hotel,"hotel building in Mayville, Wisconsin"
53881282h,Palacete do Chafariz d'El-Rei,building in Lisbon
55346142h,Convent of the Capuchinos,17th-century former convent in Segovia
51222702h,H10 Berlin Ku'damm,hotel and former school building in Berlin-Charlottenburg
56150916h,Clayton Hotel Cardiff,"4-star hotel located in Cardiff, Wales."
55865629h,Hampton by Hilton Liverpool City Centre,"hotel in Liverpool, United Kingdom"
56194854h,Hilton Garden Inn Orenburg,"hotel in Orenburg, Russia"
54474974h,Companhia de Moagens Harmonia,"cultural heritage monument in Porto, Portugal"
55075422h,Hippee Building,"office building in Des Moines, Iowa"
55209416h,Harper House,"19th century hotel (demolished) in Rock Island, Illinois"
56084920h,Clayton Crown Hotel,"Clayton Crown Hotel is a 4-star hotel in Northwest London, Cricklewood."
56085053h,Clayton Hotel Birmingham,4-star hotel located in Birmingham city centre and formerly Hotel La Tour
54427554h,Dalmatia Tower,High-rise building in Croatia
54475112h,Quinta da Pacheca,"building in Lamego Municipality, Viseu District, Portugal"
53632218h,DoubleTree by Hilton Hotel London ExCel,"4-star hotel near ExCeL London, United Kingdom"
51025456h,Hilton Garden Inn Florence Novoli,hotel in Florence
55185046h,Sint-Antonius van Paduakerk,"church in Sluiskil, Netherlands"
55347999h,Hilton Barcelona,"hotel in Barcelona, Spain"
51956193h,Fort Piqua Plaza,"hotel building in Piqua, Ohio"
51824364h,Hilton London Kensington,"hotel in London, United Kingdom"
54475224h,Moov Hotel Porto Centro,"hotel in Porto, Portugal"
51918515h,Hilton Cairns,"hotel in Cairns, Australia"
56071855h,DoubleTree by Hilton Hotel & Spa Liverpool,"hotel in Liverpool, United Kingdom"
56027180h,former station for biology Plön,building in Plön
54652699h,DoubleTree Resort by Hilton Penang,"hotel in Penang, Malaysia"
61114082h,"La Bagnaia Golf & Spa Resort Siena, Curio Collection by Hilton","hotel in Siena, Italy"
61165878h,"Hilton at St George's Park, Burton Upon Trent","hotel in Burton upon Trent, United Kingdom"
61741817h,The International,"former casino hotel in Las Vegas, Nevada"
61717587h,Hilton London Gatwick Airport,"hotel at Gatwick Airport, United Kingdom"
61728255h,the Gibson Hotel,the gibson hotel: a unique hotel in dublin city centre
61567322h,Hilton Newcastle Gateshead,"hotel in Tyne and Wear, United Kingdom"
61573625h,Hilton Surfers Paradise Hotel & Residences,"hotel in Surfers Paradise, Australia"
61465403h,DoubleTree by Hilton Hotel Tyumen,"hotel in Tyumen, Russia"
61090457h,Transcorp Hilton Abuja,"hotel in Abuja, Nigeria"
61357012h,Semnani House,"house in Semnan, Iranian national heritage site"
61100884h,DoubleTree by Hilton Hotel London - West End,"hotel in London, United Kingdom"
59493677h,Clayton Hotel Liffey Valley,"4-star hotel in Liffey Valley, Dublin."
57613527h,Palazzo Montemartini,"building in Rome, Italy"
59492195h,Clayton Hotel Silver Springs,4 Star Hotel In Cork
57297679h,"Gran Vía 74, Madrid",building in Madrid
59138963h,Hilton Garden Inn Moscow New Riga,"hotel in Kostrovo, Russia"
60748351h,Harvey Hotel,"hotel building in Gallup, New Mexico"
60732352h,Hilton Garden Inn Dubai Al Jadaf Culture Village,"hotel in Dubai, United Arab Emirates"
60912347h,Hampton by Hilton Freiburg,"hotel in Freiburg, Germany"
59491160h,Clayton Hotel Cork City,4-star hotel in Cork city.
59491401h,Clayton Whites Hotel,4 Star Hotel In Wexford
60323642h,Hoff Building,"historic office building in Boise, Idaho"
60641676h,"Grand Tirolia Hotel Kitzbuhel, Curio Collection by Hilton","hotel in Kitzbühel, Austria"
60055194h,"Wales House, Sydney","historic bank building in Sydney, NSW"
58229015h,DoubleTree by Hilton Hotel Girona,"hotel in Girona, Spain"
60389409h,Ancienne église Saint-Nicolas,"church located in Charente-Maritime, in France"
57739907h,Conrad Xiamen,"hotel in Xiamen, China"
60767158h,Oakland Hotel,"historic building in Oakland, California"
60847568h,King's Casino Rozvadov,Casino and resort in Rozvadov
59131992h,DoubleTree by Hilton Hotel Minsk,"hotel in Minsk, Belarus"
59492250h,Clayton Hotel Galway,4 Star Hotel Located in Galway City
59492478h,Clayton hotel Leopardstown,"4-star hotel in Leopardstown, Dublin."
59519828h,house at V jirchářích 13,house in Prague
57385878h,Hampton by Hilton London Luton Airport,"hotel in Luton, United Kingdom"
60642328h,Canopy by Hilton Zagreb - City Centre,"hotel in Zagreb, Croatia"
60746742h,The Durant,"apartment building and former hotel located in Flint, Michigan"
59209270h,Hilton Istanbul Maslak,"hotel in Sarıyer, Turkey"
59872505h,"George Hotel, Sydney","Heritage listed building in Sydney, New South Wales, Australia"
56827407h,Hilton Garden Inn Puchong,"hotel in Puchong, Malaysia"
59492165h,Hilton Hua Hin Resort & Spa,"hotel in Hua Hin, Thailand"
60452089h,Hilton Cape Town City Centre,"hotel in Cape Town, South Africa"
59420694h,Clayton Hotel Sligo,4-star hotel located in Sligo Town
58069409h,Hampton by Hilton Samara,"hotel in Samara, Russia"
58086658h,Hilton Garden Inn Ufa Riverside,"hotel in Ufa, Russia"
59872532h,Trickett's Hotel,"Heritage-listed pub in Sydney, Australia"
