17w,http://example.com/country/id/17w
16w,http://example.com/country/id/16w
29w,http://example.com/country/id/29w
20w,http://example.com/country/id/20w
28w,http://example.com/country/id/28w
35w,http://example.com/country/id/35w
30w,http://example.com/country/id/30w
32w,http://example.com/country/id/32w
41w,http://example.com/country/id/41w
33w,http://example.com/country/id/33w
43w,http://example.com/country/id/43w
31w,http://example.com/country/id/31w
34w,http://example.com/country/id/34w
36w,http://example.com/country/id/36w
114w,http://example.com/country/id/114w
115w,http://example.com/country/id/115w
37w,http://example.com/country/id/37w
38w,http://example.com/country/id/38w
39w,http://example.com/country/id/39w
189w,http://example.com/country/id/189w
117w,http://example.com/country/id/117w
45w,http://example.com/country/id/45w
40w,http://example.com/country/id/40w
213w,http://example.com/country/id/213w
191w,http://example.com/country/id/191w
215w,http://example.com/country/id/215w
55w,http://example.com/country/id/55w
218w,http://example.com/country/id/218w
77w,http://example.com/country/id/77w
219w,http://example.com/country/id/219w
221w,http://example.com/country/id/221w
79w,http://example.com/country/id/79w
96w,http://example.com/country/id/96w
142w,http://example.com/country/id/142w
232w,http://example.com/country/id/232w
145w,http://example.com/country/id/145w
238w,http://example.com/country/id/238w
242w,http://example.com/country/id/242w
148w,http://example.com/country/id/148w
155w,http://example.com/country/id/155w
244w,http://example.com/country/id/244w
258w,http://example.com/country/id/258w
334w,http://example.com/country/id/334w
183w,http://example.com/country/id/183w
159w,http://example.com/country/id/159w
423w,http://example.com/country/id/423w
184w,http://example.com/country/id/184w
424w,http://example.com/country/id/424w
657w,http://example.com/country/id/657w
672w,http://example.com/country/id/672w
211w,http://example.com/country/id/211w
678w,http://example.com/country/id/678w
212w,http://example.com/country/id/212w
214w,http://example.com/country/id/214w
685w,http://example.com/country/id/685w
683w,http://example.com/country/id/683w
691w,http://example.com/country/id/691w
217w,http://example.com/country/id/217w
697w,http://example.com/country/id/697w
222w,http://example.com/country/id/222w
709w,http://example.com/country/id/709w
712w,http://example.com/country/id/712w
224w,http://example.com/country/id/224w
730w,http://example.com/country/id/730w
225w,http://example.com/country/id/225w
733w,http://example.com/country/id/733w
227w,http://example.com/country/id/227w
734w,http://example.com/country/id/734w
736w,http://example.com/country/id/736w
739w,http://example.com/country/id/739w
228w,http://example.com/country/id/228w
754w,http://example.com/country/id/754w
229w,http://example.com/country/id/229w
757w,http://example.com/country/id/757w
233w,http://example.com/country/id/233w
763w,http://example.com/country/id/763w
235w,http://example.com/country/id/235w
774w,http://example.com/country/id/774w
766w,http://example.com/country/id/766w
236w,http://example.com/country/id/236w
781w,http://example.com/country/id/781w
241w,http://example.com/country/id/241w
792w,http://example.com/country/id/792w
252w,http://example.com/country/id/252w
796w,http://example.com/country/id/796w
810w,http://example.com/country/id/810w
811w,http://example.com/country/id/811w
262w,http://example.com/country/id/262w
265w,http://example.com/country/id/265w
813w,http://example.com/country/id/813w
817w,http://example.com/country/id/817w
298w,http://example.com/country/id/298w
826w,http://example.com/country/id/826w
347w,http://example.com/country/id/347w
833w,http://example.com/country/id/833w
836w,http://example.com/country/id/836w
398w,http://example.com/country/id/398w
837w,http://example.com/country/id/837w
399w,http://example.com/country/id/399w
843w,http://example.com/country/id/843w
403w,http://example.com/country/id/403w
851w,http://example.com/country/id/851w
874w,http://example.com/country/id/874w
854w,http://example.com/country/id/854w
408w,http://example.com/country/id/408w
881w,http://example.com/country/id/881w
917w,http://example.com/country/id/917w
574w,http://example.com/country/id/574w
419w,http://example.com/country/id/419w
921w,http://example.com/country/id/921w
414w,http://example.com/country/id/414w
924w,http://example.com/country/id/924w
664w,http://example.com/country/id/664w
928w,http://example.com/country/id/928w
948w,http://example.com/country/id/948w
668w,http://example.com/country/id/668w
686w,http://example.com/country/id/686w
953w,http://example.com/country/id/953w
954w,http://example.com/country/id/954w
710w,http://example.com/country/id/710w
958w,http://example.com/country/id/958w
963w,http://example.com/country/id/963w
711w,http://example.com/country/id/711w
717w,http://example.com/country/id/717w
965w,http://example.com/country/id/965w
750w,http://example.com/country/id/750w
967w,http://example.com/country/id/967w
983w,http://example.com/country/id/983w
1006w,http://example.com/country/id/1006w
760w,http://example.com/country/id/760w
1008w,http://example.com/country/id/1008w
769w,http://example.com/country/id/769w
1009w,http://example.com/country/id/1009w
778w,http://example.com/country/id/778w
1011w,http://example.com/country/id/1011w
1013w,http://example.com/country/id/1013w
783w,http://example.com/country/id/783w
1020w,http://example.com/country/id/1020w
1025w,http://example.com/country/id/1025w
784w,http://example.com/country/id/784w
786w,http://example.com/country/id/786w
790w,http://example.com/country/id/790w
1027w,http://example.com/country/id/1027w
1029w,http://example.com/country/id/1029w
800w,http://example.com/country/id/800w
1036w,http://example.com/country/id/1036w
1030w,http://example.com/country/id/1030w
794w,http://example.com/country/id/794w
1037w,http://example.com/country/id/1037w
801w,http://example.com/country/id/801w
1039w,http://example.com/country/id/1039w
1041w,http://example.com/country/id/1041w
804w,http://example.com/country/id/804w
1045w,http://example.com/country/id/1045w
805w,http://example.com/country/id/805w
1050w,http://example.com/country/id/1050w
3359409w,http://example.com/country/id/3359409w
842w,http://example.com/country/id/842w
819w,http://example.com/country/id/819w
846w,http://example.com/country/id/846w
858w,http://example.com/country/id/858w
863w,http://example.com/country/id/863w
869w,http://example.com/country/id/869w
878w,http://example.com/country/id/878w
884w,http://example.com/country/id/884w
889w,http://example.com/country/id/889w
902w,http://example.com/country/id/902w
912w,http://example.com/country/id/912w
916w,http://example.com/country/id/916w
929w,http://example.com/country/id/929w
945w,http://example.com/country/id/945w
962w,http://example.com/country/id/962w
970w,http://example.com/country/id/970w
977w,http://example.com/country/id/977w
986w,http://example.com/country/id/986w
1000w,http://example.com/country/id/1000w
1005w,http://example.com/country/id/1005w
1007w,http://example.com/country/id/1007w
1014w,http://example.com/country/id/1014w
1016w,http://example.com/country/id/1016w
1032w,http://example.com/country/id/1032w
1019w,http://example.com/country/id/1019w
1033w,http://example.com/country/id/1033w
1042w,http://example.com/country/id/1042w
1044w,http://example.com/country/id/1044w
1049w,http://example.com/country/id/1049w
22890w,http://example.com/country/id/22890w