17h,http://example.com/country/id/17h,
16h,http://example.com/country/id/16h,
29h,http://example.com/country/id/29h,
20h,http://example.com/country/id/20h,
28h,http://example.com/country/id/28h,
35h,http://example.com/country/id/35h,
30h,http://example.com/country/id/30h,
32h,http://example.com/country/id/32h,
41h,http://example.com/country/id/41h,
33h,http://example.com/country/id/33h,
43h,http://example.com/country/id/43h,
31h,http://example.com/country/id/31h,
34h,http://example.com/country/id/34h,
36h,http://example.com/country/id/36h,
114h,http://example.com/country/id/114h,
115h,http://example.com/country/id/115h,
37h,http://example.com/country/id/37h,
38h,http://example.com/country/id/38h,
39h,http://example.com/country/id/39h,
189h,http://example.com/country/id/189h,
117h,http://example.com/country/id/117h,
45h,http://example.com/country/id/45h,
40h,http://example.com/country/id/40h,
213h,http://example.com/country/id/213h,
191h,http://example.com/country/id/191h,
215h,http://example.com/country/id/215h,
55h,http://example.com/country/id/55h,
218h,http://example.com/country/id/218h,
77h,http://example.com/country/id/77h,
219h,http://example.com/country/id/219h,
221h,http://example.com/country/id/221h,
79h,http://example.com/country/id/79h,
96h,http://example.com/country/id/96h,
142h,http://example.com/country/id/142h,
232h,http://example.com/country/id/232h,
145h,http://example.com/country/id/145h,
238h,http://example.com/country/id/238h,
242h,http://example.com/country/id/242h,
148h,http://example.com/country/id/148h,
155h,http://example.com/country/id/155h,
244h,http://example.com/country/id/244h,
258h,http://example.com/country/id/258h,
334h,http://example.com/country/id/334h,
183h,http://example.com/country/id/183h,
159h,http://example.com/country/id/159h,
423h,http://example.com/country/id/423h,
184h,http://example.com/country/id/184h,
424h,http://example.com/country/id/424h,
657h,http://example.com/country/id/657h,
672h,http://example.com/country/id/672h,
211h,http://example.com/country/id/211h,
678h,http://example.com/country/id/678h,
212h,http://example.com/country/id/212h,
214h,http://example.com/country/id/214h,
685h,http://example.com/country/id/685h,
683h,http://example.com/country/id/683h,
691h,http://example.com/country/id/691h,
217h,http://example.com/country/id/217h,
697h,http://example.com/country/id/697h,
222h,http://example.com/country/id/222h,
709h,http://example.com/country/id/709h,
712h,http://example.com/country/id/712h,
224h,http://example.com/country/id/224h,
730h,http://example.com/country/id/730h,
225h,http://example.com/country/id/225h,
733h,http://example.com/country/id/733h,
227h,http://example.com/country/id/227h,
734h,http://example.com/country/id/734h,
736h,http://example.com/country/id/736h,
739h,http://example.com/country/id/739h,
228h,http://example.com/country/id/228h,
754h,http://example.com/country/id/754h,
229h,http://example.com/country/id/229h,
757h,http://example.com/country/id/757h,
233h,http://example.com/country/id/233h,
763h,http://example.com/country/id/763h,
235h,http://example.com/country/id/235h,
774h,http://example.com/country/id/774h,
766h,http://example.com/country/id/766h,
236h,http://example.com/country/id/236h,
781h,http://example.com/country/id/781h,
241h,http://example.com/country/id/241h,
792h,http://example.com/country/id/792h,
252h,http://example.com/country/id/252h,
796h,http://example.com/country/id/796h,
810h,http://example.com/country/id/810h,
811h,http://example.com/country/id/811h,
262h,http://example.com/country/id/262h,
265h,http://example.com/country/id/265h,
813h,http://example.com/country/id/813h,
817h,http://example.com/country/id/817h,
298h,http://example.com/country/id/298h,
826h,http://example.com/country/id/826h,
347h,http://example.com/country/id/347h,
833h,http://example.com/country/id/833h,
836h,http://example.com/country/id/836h,
398h,http://example.com/country/id/398h,
837h,http://example.com/country/id/837h,
399h,http://example.com/country/id/399h,
843h,http://example.com/country/id/843h,
403h,http://example.com/country/id/403h,
851h,http://example.com/country/id/851h,
874h,http://example.com/country/id/874h,
854h,http://example.com/country/id/854h,
408h,http://example.com/country/id/408h,
881h,http://example.com/country/id/881h,
917h,http://example.com/country/id/917h,
574h,http://example.com/country/id/574h,
419h,http://example.com/country/id/419h,
921h,http://example.com/country/id/921h,
414h,http://example.com/country/id/414h,
924h,http://example.com/country/id/924h,
664h,http://example.com/country/id/664h,
928h,http://example.com/country/id/928h,
948h,http://example.com/country/id/948h,
668h,http://example.com/country/id/668h,
686h,http://example.com/country/id/686h,
953h,http://example.com/country/id/953h,
954h,http://example.com/country/id/954h,
710h,http://example.com/country/id/710h,
958h,http://example.com/country/id/958h,
963h,http://example.com/country/id/963h,
711h,http://example.com/country/id/711h,
717h,http://example.com/country/id/717h,
965h,http://example.com/country/id/965h,
750h,http://example.com/country/id/750h,
967h,http://example.com/country/id/967h,
983h,http://example.com/country/id/983h,
1006h,http://example.com/country/id/1006h,
760h,http://example.com/country/id/760h,
1008h,http://example.com/country/id/1008h,
769h,http://example.com/country/id/769h,
1009h,http://example.com/country/id/1009h,
778h,http://example.com/country/id/778h,
1011h,http://example.com/country/id/1011h,
1013h,http://example.com/country/id/1013h,
783h,http://example.com/country/id/783h,
1020h,http://example.com/country/id/1020h,
1025h,http://example.com/country/id/1025h,
784h,http://example.com/country/id/784h,
786h,http://example.com/country/id/786h,
790h,http://example.com/country/id/790h,
1027h,http://example.com/country/id/1027h,
1029h,http://example.com/country/id/1029h,
800h,http://example.com/country/id/800h,
1036h,http://example.com/country/id/1036h,
1030h,http://example.com/country/id/1030h,
794h,http://example.com/country/id/794h,
1037h,http://example.com/country/id/1037h,
801h,http://example.com/country/id/801h,
1039h,http://example.com/country/id/1039h,
1041h,http://example.com/country/id/1041h,
804h,http://example.com/country/id/804h,
1045h,http://example.com/country/id/1045h,
805h,http://example.com/country/id/805h,
1050h,http://example.com/country/id/1050h,
3359409h,http://example.com/country/id/3359409h,
842h,http://example.com/country/id/842h,
819h,http://example.com/country/id/819h,
846h,http://example.com/country/id/846h,
858h,http://example.com/country/id/858h,
863h,http://example.com/country/id/863h,
869h,http://example.com/country/id/869h,
878h,http://example.com/country/id/878h,
884h,http://example.com/country/id/884h,
889h,http://example.com/country/id/889h,
902h,http://example.com/country/id/902h,
912h,http://example.com/country/id/912h,
916h,http://example.com/country/id/916h,
929h,http://example.com/country/id/929h,
945h,http://example.com/country/id/945h,
962h,http://example.com/country/id/962h,
970h,http://example.com/country/id/970h,
977h,http://example.com/country/id/977h,
986h,http://example.com/country/id/986h,
1000h,http://example.com/country/id/1000h,
1005h,http://example.com/country/id/1005h,
1007h,http://example.com/country/id/1007h,
1014h,http://example.com/country/id/1014h,
1016h,http://example.com/country/id/1016h,
1032h,http://example.com/country/id/1032h,
1019h,http://example.com/country/id/1019h,
1033h,http://example.com/country/id/1033h,
1042h,http://example.com/country/id/1042h,
1044h,http://example.com/country/id/1044h,
1049h,http://example.com/country/id/1049h,
22890h,http://example.com/country/id/22890h,
