17m,http://example.com/country/id/17m
16m,http://example.com/country/id/16m
29m,http://example.com/country/id/29m
20m,http://example.com/country/id/20m
28m,http://example.com/country/id/28m
35m,http://example.com/country/id/35m
30m,http://example.com/country/id/30m
32m,http://example.com/country/id/32m
41m,http://example.com/country/id/41m
33m,http://example.com/country/id/33m
43m,http://example.com/country/id/43m
31m,http://example.com/country/id/31m
34m,http://example.com/country/id/34m
36m,http://example.com/country/id/36m
114m,http://example.com/country/id/114m
115m,http://example.com/country/id/115m
37m,http://example.com/country/id/37m
38m,http://example.com/country/id/38m
39m,http://example.com/country/id/39m
189m,http://example.com/country/id/189m
117m,http://example.com/country/id/117m
45m,http://example.com/country/id/45m
40m,http://example.com/country/id/40m
213m,http://example.com/country/id/213m
191m,http://example.com/country/id/191m
215m,http://example.com/country/id/215m
55m,http://example.com/country/id/55m
218m,http://example.com/country/id/218m
77m,http://example.com/country/id/77m
219m,http://example.com/country/id/219m
221m,http://example.com/country/id/221m
79m,http://example.com/country/id/79m
96m,http://example.com/country/id/96m
142m,http://example.com/country/id/142m
232m,http://example.com/country/id/232m
145m,http://example.com/country/id/145m
238m,http://example.com/country/id/238m
242m,http://example.com/country/id/242m
148m,http://example.com/country/id/148m
155m,http://example.com/country/id/155m
244m,http://example.com/country/id/244m
258m,http://example.com/country/id/258m
334m,http://example.com/country/id/334m
183m,http://example.com/country/id/183m
159m,http://example.com/country/id/159m
423m,http://example.com/country/id/423m
184m,http://example.com/country/id/184m
424m,http://example.com/country/id/424m
657m,http://example.com/country/id/657m
672m,http://example.com/country/id/672m
211m,http://example.com/country/id/211m
678m,http://example.com/country/id/678m
212m,http://example.com/country/id/212m
214m,http://example.com/country/id/214m
685m,http://example.com/country/id/685m
683m,http://example.com/country/id/683m
691m,http://example.com/country/id/691m
217m,http://example.com/country/id/217m
697m,http://example.com/country/id/697m
222m,http://example.com/country/id/222m
709m,http://example.com/country/id/709m
712m,http://example.com/country/id/712m
224m,http://example.com/country/id/224m
730m,http://example.com/country/id/730m
225m,http://example.com/country/id/225m
733m,http://example.com/country/id/733m
227m,http://example.com/country/id/227m
734m,http://example.com/country/id/734m
736m,http://example.com/country/id/736m
739m,http://example.com/country/id/739m
228m,http://example.com/country/id/228m
754m,http://example.com/country/id/754m
229m,http://example.com/country/id/229m
757m,http://example.com/country/id/757m
233m,http://example.com/country/id/233m
763m,http://example.com/country/id/763m
235m,http://example.com/country/id/235m
774m,http://example.com/country/id/774m
766m,http://example.com/country/id/766m
236m,http://example.com/country/id/236m
781m,http://example.com/country/id/781m
241m,http://example.com/country/id/241m
792m,http://example.com/country/id/792m
252m,http://example.com/country/id/252m
796m,http://example.com/country/id/796m
810m,http://example.com/country/id/810m
811m,http://example.com/country/id/811m
262m,http://example.com/country/id/262m
265m,http://example.com/country/id/265m
813m,http://example.com/country/id/813m
817m,http://example.com/country/id/817m
298m,http://example.com/country/id/298m
826m,http://example.com/country/id/826m
347m,http://example.com/country/id/347m
833m,http://example.com/country/id/833m
836m,http://example.com/country/id/836m
398m,http://example.com/country/id/398m
837m,http://example.com/country/id/837m
399m,http://example.com/country/id/399m
843m,http://example.com/country/id/843m
403m,http://example.com/country/id/403m
851m,http://example.com/country/id/851m
874m,http://example.com/country/id/874m
854m,http://example.com/country/id/854m
408m,http://example.com/country/id/408m
881m,http://example.com/country/id/881m
917m,http://example.com/country/id/917m
574m,http://example.com/country/id/574m
419m,http://example.com/country/id/419m
921m,http://example.com/country/id/921m
414m,http://example.com/country/id/414m
924m,http://example.com/country/id/924m
664m,http://example.com/country/id/664m
928m,http://example.com/country/id/928m
948m,http://example.com/country/id/948m
668m,http://example.com/country/id/668m
686m,http://example.com/country/id/686m
953m,http://example.com/country/id/953m
954m,http://example.com/country/id/954m
710m,http://example.com/country/id/710m
958m,http://example.com/country/id/958m
963m,http://example.com/country/id/963m
711m,http://example.com/country/id/711m
717m,http://example.com/country/id/717m
965m,http://example.com/country/id/965m
750m,http://example.com/country/id/750m
967m,http://example.com/country/id/967m
983m,http://example.com/country/id/983m
1006m,http://example.com/country/id/1006m
760m,http://example.com/country/id/760m
1008m,http://example.com/country/id/1008m
769m,http://example.com/country/id/769m
1009m,http://example.com/country/id/1009m
778m,http://example.com/country/id/778m
1011m,http://example.com/country/id/1011m
1013m,http://example.com/country/id/1013m
783m,http://example.com/country/id/783m
1020m,http://example.com/country/id/1020m
1025m,http://example.com/country/id/1025m
784m,http://example.com/country/id/784m
786m,http://example.com/country/id/786m
790m,http://example.com/country/id/790m
1027m,http://example.com/country/id/1027m
1029m,http://example.com/country/id/1029m
800m,http://example.com/country/id/800m
1036m,http://example.com/country/id/1036m
1030m,http://example.com/country/id/1030m
794m,http://example.com/country/id/794m
1037m,http://example.com/country/id/1037m
801m,http://example.com/country/id/801m
1039m,http://example.com/country/id/1039m
1041m,http://example.com/country/id/1041m
804m,http://example.com/country/id/804m
1045m,http://example.com/country/id/1045m
805m,http://example.com/country/id/805m
1050m,http://example.com/country/id/1050m
3359409m,http://example.com/country/id/3359409m
842m,http://example.com/country/id/842m
819m,http://example.com/country/id/819m
846m,http://example.com/country/id/846m
858m,http://example.com/country/id/858m
863m,http://example.com/country/id/863m
869m,http://example.com/country/id/869m
878m,http://example.com/country/id/878m
884m,http://example.com/country/id/884m
889m,http://example.com/country/id/889m
902m,http://example.com/country/id/902m
912m,http://example.com/country/id/912m
916m,http://example.com/country/id/916m
929m,http://example.com/country/id/929m
945m,http://example.com/country/id/945m
962m,http://example.com/country/id/962m
970m,http://example.com/country/id/970m
977m,http://example.com/country/id/977m
986m,http://example.com/country/id/986m
1000m,http://example.com/country/id/1000m
1005m,http://example.com/country/id/1005m
1007m,http://example.com/country/id/1007m
1014m,http://example.com/country/id/1014m
1016m,http://example.com/country/id/1016m
1032m,http://example.com/country/id/1032m
1019m,http://example.com/country/id/1019m
1033m,http://example.com/country/id/1033m
1042m,http://example.com/country/id/1042m
1044m,http://example.com/country/id/1044m
1049m,http://example.com/country/id/1049m
22890m,http://example.com/country/id/22890m