17b,http://example.com/country/id/17b
16b,http://example.com/country/id/16b
29b,http://example.com/country/id/29b
20b,http://example.com/country/id/20b
28b,http://example.com/country/id/28b
35b,http://example.com/country/id/35b
30b,http://example.com/country/id/30b
32b,http://example.com/country/id/32b
41b,http://example.com/country/id/41b
33b,http://example.com/country/id/33b
43b,http://example.com/country/id/43b
31b,http://example.com/country/id/31b
34b,http://example.com/country/id/34b
36b,http://example.com/country/id/36b
114b,http://example.com/country/id/114b
115b,http://example.com/country/id/115b
37b,http://example.com/country/id/37b
38b,http://example.com/country/id/38b
39b,http://example.com/country/id/39b
189b,http://example.com/country/id/189b
117b,http://example.com/country/id/117b
45b,http://example.com/country/id/45b
40b,http://example.com/country/id/40b
213b,http://example.com/country/id/213b
191b,http://example.com/country/id/191b
215b,http://example.com/country/id/215b
55b,http://example.com/country/id/55b
218b,http://example.com/country/id/218b
77b,http://example.com/country/id/77b
219b,http://example.com/country/id/219b
221b,http://example.com/country/id/221b
79b,http://example.com/country/id/79b
96b,http://example.com/country/id/96b
142b,http://example.com/country/id/142b
232b,http://example.com/country/id/232b
145b,http://example.com/country/id/145b
238b,http://example.com/country/id/238b
242b,http://example.com/country/id/242b
148b,http://example.com/country/id/148b
155b,http://example.com/country/id/155b
244b,http://example.com/country/id/244b
258b,http://example.com/country/id/258b
334b,http://example.com/country/id/334b
183b,http://example.com/country/id/183b
159b,http://example.com/country/id/159b
423b,http://example.com/country/id/423b
184b,http://example.com/country/id/184b
424b,http://example.com/country/id/424b
657b,http://example.com/country/id/657b
672b,http://example.com/country/id/672b
211b,http://example.com/country/id/211b
678b,http://example.com/country/id/678b
212b,http://example.com/country/id/212b
214b,http://example.com/country/id/214b
685b,http://example.com/country/id/685b
683b,http://example.com/country/id/683b
691b,http://example.com/country/id/691b
217b,http://example.com/country/id/217b
697b,http://example.com/country/id/697b
222b,http://example.com/country/id/222b
709b,http://example.com/country/id/709b
712b,http://example.com/country/id/712b
224b,http://example.com/country/id/224b
730b,http://example.com/country/id/730b
225b,http://example.com/country/id/225b
733b,http://example.com/country/id/733b
227b,http://example.com/country/id/227b
734b,http://example.com/country/id/734b
736b,http://example.com/country/id/736b
739b,http://example.com/country/id/739b
228b,http://example.com/country/id/228b
754b,http://example.com/country/id/754b
229b,http://example.com/country/id/229b
757b,http://example.com/country/id/757b
233b,http://example.com/country/id/233b
763b,http://example.com/country/id/763b
235b,http://example.com/country/id/235b
774b,http://example.com/country/id/774b
766b,http://example.com/country/id/766b
236b,http://example.com/country/id/236b
781b,http://example.com/country/id/781b
241b,http://example.com/country/id/241b
792b,http://example.com/country/id/792b
252b,http://example.com/country/id/252b
796b,http://example.com/country/id/796b
810b,http://example.com/country/id/810b
811b,http://example.com/country/id/811b
262b,http://example.com/country/id/262b
265b,http://example.com/country/id/265b
813b,http://example.com/country/id/813b
817b,http://example.com/country/id/817b
298b,http://example.com/country/id/298b
826b,http://example.com/country/id/826b
347b,http://example.com/country/id/347b
833b,http://example.com/country/id/833b
836b,http://example.com/country/id/836b
398b,http://example.com/country/id/398b
837b,http://example.com/country/id/837b
399b,http://example.com/country/id/399b
843b,http://example.com/country/id/843b
403b,http://example.com/country/id/403b
851b,http://example.com/country/id/851b
874b,http://example.com/country/id/874b
854b,http://example.com/country/id/854b
408b,http://example.com/country/id/408b
881b,http://example.com/country/id/881b
917b,http://example.com/country/id/917b
574b,http://example.com/country/id/574b
419b,http://example.com/country/id/419b
921b,http://example.com/country/id/921b
414b,http://example.com/country/id/414b
924b,http://example.com/country/id/924b
664b,http://example.com/country/id/664b
928b,http://example.com/country/id/928b
948b,http://example.com/country/id/948b
668b,http://example.com/country/id/668b
686b,http://example.com/country/id/686b
953b,http://example.com/country/id/953b
954b,http://example.com/country/id/954b
710b,http://example.com/country/id/710b
958b,http://example.com/country/id/958b
963b,http://example.com/country/id/963b
711b,http://example.com/country/id/711b
717b,http://example.com/country/id/717b
965b,http://example.com/country/id/965b
750b,http://example.com/country/id/750b
967b,http://example.com/country/id/967b
983b,http://example.com/country/id/983b
1006b,http://example.com/country/id/1006b
760b,http://example.com/country/id/760b
1008b,http://example.com/country/id/1008b
769b,http://example.com/country/id/769b
1009b,http://example.com/country/id/1009b
778b,http://example.com/country/id/778b
1011b,http://example.com/country/id/1011b
1013b,http://example.com/country/id/1013b
783b,http://example.com/country/id/783b
1020b,http://example.com/country/id/1020b
1025b,http://example.com/country/id/1025b
784b,http://example.com/country/id/784b
786b,http://example.com/country/id/786b
790b,http://example.com/country/id/790b
1027b,http://example.com/country/id/1027b
1029b,http://example.com/country/id/1029b
800b,http://example.com/country/id/800b
1036b,http://example.com/country/id/1036b
1030b,http://example.com/country/id/1030b
794b,http://example.com/country/id/794b
1037b,http://example.com/country/id/1037b
801b,http://example.com/country/id/801b
1039b,http://example.com/country/id/1039b
1041b,http://example.com/country/id/1041b
804b,http://example.com/country/id/804b
1045b,http://example.com/country/id/1045b
805b,http://example.com/country/id/805b
1050b,http://example.com/country/id/1050b
3359409b,http://example.com/country/id/3359409b
842b,http://example.com/country/id/842b
819b,http://example.com/country/id/819b
846b,http://example.com/country/id/846b
858b,http://example.com/country/id/858b
863b,http://example.com/country/id/863b
869b,http://example.com/country/id/869b
878b,http://example.com/country/id/878b
884b,http://example.com/country/id/884b
889b,http://example.com/country/id/889b
902b,http://example.com/country/id/902b
912b,http://example.com/country/id/912b
916b,http://example.com/country/id/916b
929b,http://example.com/country/id/929b
945b,http://example.com/country/id/945b
962b,http://example.com/country/id/962b
970b,http://example.com/country/id/970b
977b,http://example.com/country/id/977b
986b,http://example.com/country/id/986b
1000b,http://example.com/country/id/1000b
1005b,http://example.com/country/id/1005b
1007b,http://example.com/country/id/1007b
1014b,http://example.com/country/id/1014b
1016b,http://example.com/country/id/1016b
1032b,http://example.com/country/id/1032b
1019b,http://example.com/country/id/1019b
1033b,http://example.com/country/id/1033b
1042b,http://example.com/country/id/1042b
1044b,http://example.com/country/id/1044b
1049b,http://example.com/country/id/1049b
22890b,http://example.com/country/id/22890b
237b,http://example.com/country/id/237b