1585008h,http://example.com/hotel/id/1585008h
1630814h,http://example.com/hotel/id/1630814h
5351073h,http://example.com/hotel/id/5351073h
12495h,http://example.com/hotel/id/12495h
18536h,http://example.com/hotel/id/18536h
18547h,http://example.com/hotel/id/18547h
23265h,http://example.com/hotel/id/23265h
19564041h,http://example.com/hotel/id/19564041h
145361h,http://example.com/hotel/id/145361h
167870h,http://example.com/hotel/id/167870h
168575h,http://example.com/hotel/id/168575h
189476h,http://example.com/hotel/id/189476h
25007h,http://example.com/hotel/id/25007h
1630837h,http://example.com/hotel/id/1630837h
1630833h,http://example.com/hotel/id/1630833h
1630911h,http://example.com/hotel/id/1630911h
1637090h,http://example.com/hotel/id/1637090h
1682221h,http://example.com/hotel/id/1682221h
1743514h,http://example.com/hotel/id/1743514h
1795050h,http://example.com/hotel/id/1795050h
1874734h,http://example.com/hotel/id/1874734h
1879918h,http://example.com/hotel/id/1879918h
1943482h,http://example.com/hotel/id/1943482h
2048307h,http://example.com/hotel/id/2048307h
2110681h,http://example.com/hotel/id/2110681h
2135814h,http://example.com/hotel/id/2135814h
2141411h,http://example.com/hotel/id/2141411h
691491h,http://example.com/hotel/id/691491h
696927h,http://example.com/hotel/id/696927h
713960h,http://example.com/hotel/id/713960h
731089h,http://example.com/hotel/id/731089h
737602h,http://example.com/hotel/id/737602h
5764722h,http://example.com/hotel/id/5764722h
5764716h,http://example.com/hotel/id/5764716h
2258969h,http://example.com/hotel/id/2258969h
2297323h,http://example.com/hotel/id/2297323h
2363048h,http://example.com/hotel/id/2363048h
2398831h,http://example.com/hotel/id/2398831h
2416198h,http://example.com/hotel/id/2416198h
2461831h,http://example.com/hotel/id/2461831h
2523683h,http://example.com/hotel/id/2523683h
2567200h,http://example.com/hotel/id/2567200h
2579998h,http://example.com/hotel/id/2579998h
2631856h,http://example.com/hotel/id/2631856h
2648096h,http://example.com/hotel/id/2648096h
2748565h,http://example.com/hotel/id/2748565h
2837946h,http://example.com/hotel/id/2837946h
2899830h,http://example.com/hotel/id/2899830h
202599h,http://example.com/hotel/id/202599h
220141h,http://example.com/hotel/id/220141h
240711h,http://example.com/hotel/id/240711h
264203h,http://example.com/hotel/id/264203h
264858h,http://example.com/hotel/id/264858h
5430586h,http://example.com/hotel/id/5430586h
5472026h,http://example.com/hotel/id/5472026h
5472556h,http://example.com/hotel/id/5472556h
5475490h,http://example.com/hotel/id/5475490h
5475499h,http://example.com/hotel/id/5475499h
5545989h,http://example.com/hotel/id/5545989h
5594050h,http://example.com/hotel/id/5594050h
5594662h,http://example.com/hotel/id/5594662h
5594866h,http://example.com/hotel/id/5594866h
5595660h,http://example.com/hotel/id/5595660h
5602124h,http://example.com/hotel/id/5602124h
5637110h,http://example.com/hotel/id/5637110h
5646336h,http://example.com/hotel/id/5646336h
5683588h,http://example.com/hotel/id/5683588h
5705250h,http://example.com/hotel/id/5705250h
5710559h,http://example.com/hotel/id/5710559h
5764519h,http://example.com/hotel/id/5764519h
5764576h,http://example.com/hotel/id/5764576h
5764570h,http://example.com/hotel/id/5764570h
5764637h,http://example.com/hotel/id/5764637h
5764648h,http://example.com/hotel/id/5764648h
5764652h,http://example.com/hotel/id/5764652h
3699364h,http://example.com/hotel/id/3699364h
4040675h,http://example.com/hotel/id/4040675h
4260261h,http://example.com/hotel/id/4260261h
4261094h,http://example.com/hotel/id/4261094h
4261374h,http://example.com/hotel/id/4261374h
4261384h,http://example.com/hotel/id/4261384h
4261513h,http://example.com/hotel/id/4261513h
4272608h,http://example.com/hotel/id/4272608h
4272804h,http://example.com/hotel/id/4272804h
4385582h,http://example.com/hotel/id/4385582h
4448816h,http://example.com/hotel/id/4448816h
4479814h,http://example.com/hotel/id/4479814h
4596016h,http://example.com/hotel/id/4596016h
4725573h,http://example.com/hotel/id/4725573h
4791273h,http://example.com/hotel/id/4791273h
4792351h,http://example.com/hotel/id/4792351h
4793581h,http://example.com/hotel/id/4793581h
4806513h,http://example.com/hotel/id/4806513h
804702h,http://example.com/hotel/id/804702h
805467h,http://example.com/hotel/id/805467h
845846h,http://example.com/hotel/id/845846h
851102h,http://example.com/hotel/id/851102h
869378h,http://example.com/hotel/id/869378h
896259h,http://example.com/hotel/id/896259h
900983h,http://example.com/hotel/id/900983h
24971211h,http://example.com/hotel/id/24971211h
25204442h,http://example.com/hotel/id/25204442h
25247913h,http://example.com/hotel/id/25247913h
26237391h,http://example.com/hotel/id/26237391h
1143174h,http://example.com/hotel/id/1143174h
1147483h,http://example.com/hotel/id/1147483h
1189944h,http://example.com/hotel/id/1189944h
1200583h,http://example.com/hotel/id/1200583h
1237113h,http://example.com/hotel/id/1237113h
1281171h,http://example.com/hotel/id/1281171h
1304383h,http://example.com/hotel/id/1304383h
1309059h,http://example.com/hotel/id/1309059h
6172690h,http://example.com/hotel/id/6172690h
6353197h,http://example.com/hotel/id/6353197h
6411467h,http://example.com/hotel/id/6411467h
6421328h,http://example.com/hotel/id/6421328h
6439146h,http://example.com/hotel/id/6439146h
6448583h,http://example.com/hotel/id/6448583h
6493973h,http://example.com/hotel/id/6493973h
6538417h,http://example.com/hotel/id/6538417h
6747847h,http://example.com/hotel/id/6747847h
6747856h,http://example.com/hotel/id/6747856h
6751307h,http://example.com/hotel/id/6751307h
6824905h,http://example.com/hotel/id/6824905h
6825178h,http://example.com/hotel/id/6825178h
6869131h,http://example.com/hotel/id/6869131h
6914041h,http://example.com/hotel/id/6914041h
7040843h,http://example.com/hotel/id/7040843h
7126178h,http://example.com/hotel/id/7126178h
7203612h,http://example.com/hotel/id/7203612h
7216435h,http://example.com/hotel/id/7216435h
7247936h,http://example.com/hotel/id/7247936h
1324543h,http://example.com/hotel/id/1324543h
1340132h,http://example.com/hotel/id/1340132h
1340365h,http://example.com/hotel/id/1340365h
1342565h,http://example.com/hotel/id/1342565h
1347033h,http://example.com/hotel/id/1347033h
1360313h,http://example.com/hotel/id/1360313h
1368043h,http://example.com/hotel/id/1368043h
19817552h,http://example.com/hotel/id/19817552h
19864040h,http://example.com/hotel/id/19864040h
19962146h,http://example.com/hotel/id/19962146h
20046383h,http://example.com/hotel/id/20046383h
20075891h,http://example.com/hotel/id/20075891h
20650664h,http://example.com/hotel/id/20650664h
20828319h,http://example.com/hotel/id/20828319h
20830632h,http://example.com/hotel/id/20830632h
21402642h,http://example.com/hotel/id/21402642h
21504226h,http://example.com/hotel/id/21504226h
21532003h,http://example.com/hotel/id/21532003h
21568919h,http://example.com/hotel/id/21568919h
21619228h,http://example.com/hotel/id/21619228h
22073967h,http://example.com/hotel/id/22073967h
22118627h,http://example.com/hotel/id/22118627h
22583354h,http://example.com/hotel/id/22583354h
22976715h,http://example.com/hotel/id/22976715h
22997753h,http://example.com/hotel/id/22997753h
23305592h,http://example.com/hotel/id/23305592h
23640921h,http://example.com/hotel/id/23640921h
23646439h,http://example.com/hotel/id/23646439h
23685988h,http://example.com/hotel/id/23685988h
23828028h,http://example.com/hotel/id/23828028h
23907594h,http://example.com/hotel/id/23907594h
23907601h,http://example.com/hotel/id/23907601h
24054070h,http://example.com/hotel/id/24054070h
24241038h,http://example.com/hotel/id/24241038h
24693404h,http://example.com/hotel/id/24693404h
24708167h,http://example.com/hotel/id/24708167h
11415297h,http://example.com/hotel/id/11415297h
11700542h,http://example.com/hotel/id/11700542h
12020416h,http://example.com/hotel/id/12020416h
12072758h,http://example.com/hotel/id/12072758h
13049756h,http://example.com/hotel/id/13049756h
13103085h,http://example.com/hotel/id/13103085h
13529145h,http://example.com/hotel/id/13529145h
13529180h,http://example.com/hotel/id/13529180h
14683065h,http://example.com/hotel/id/14683065h
14689609h,http://example.com/hotel/id/14689609h
14693298h,http://example.com/hotel/id/14693298h
14705265h,http://example.com/hotel/id/14705265h
14753688h,http://example.com/hotel/id/14753688h
14954702h,http://example.com/hotel/id/14954702h
15068974h,http://example.com/hotel/id/15068974h
15228738h,http://example.com/hotel/id/15228738h
15640601h,http://example.com/hotel/id/15640601h
15909474h,http://example.com/hotel/id/15909474h
15923583h,http://example.com/hotel/id/15923583h
15923583h,http://example.com/hotel/id/15923583h
15978898h,http://example.com/hotel/id/15978898h
16256099h,http://example.com/hotel/id/16256099h
7969454h,http://example.com/hotel/id/7969454h
7988922h,http://example.com/hotel/id/7988922h
616726h,http://example.com/hotel/id/616726h
634258h,http://example.com/hotel/id/634258h
637389h,http://example.com/hotel/id/637389h
646339h,http://example.com/hotel/id/646339h
654279h,http://example.com/hotel/id/654279h
654906h,http://example.com/hotel/id/654906h
656743h,http://example.com/hotel/id/656743h
2902501h,http://example.com/hotel/id/2902501h
2905596h,http://example.com/hotel/id/2905596h
2908788h,http://example.com/hotel/id/2908788h
2912992h,http://example.com/hotel/id/2912992h
2928530h,http://example.com/hotel/id/2928530h
2935180h,http://example.com/hotel/id/2935180h
2961297h,http://example.com/hotel/id/2961297h
2971063h,http://example.com/hotel/id/2971063h
2992084h,http://example.com/hotel/id/2992084h
3037053h,http://example.com/hotel/id/3037053h
3142395h,http://example.com/hotel/id/3142395h
1368798h,http://example.com/hotel/id/1368798h
1401439h,http://example.com/hotel/id/1401439h
1412478h,http://example.com/hotel/id/1412478h
1426968h,http://example.com/hotel/id/1426968h
1429071h,http://example.com/hotel/id/1429071h
1430318h,http://example.com/hotel/id/1430318h
1430318h,http://example.com/hotel/id/1430318h
28675745h,http://example.com/hotel/id/28675745h
28680070h,http://example.com/hotel/id/28680070h
28746397h,http://example.com/hotel/id/28746397h
28755991h,http://example.com/hotel/id/28755991h
28756542h,http://example.com/hotel/id/28756542h
7281354h,http://example.com/hotel/id/7281354h
7304924h,http://example.com/hotel/id/7304924h
7336896h,http://example.com/hotel/id/7336896h
7374338h,http://example.com/hotel/id/7374338h
7419570h,http://example.com/hotel/id/7419570h
7503956h,http://example.com/hotel/id/7503956h
7520490h,http://example.com/hotel/id/7520490h
7553769h,http://example.com/hotel/id/7553769h
7553765h,http://example.com/hotel/id/7553765h
7553767h,http://example.com/hotel/id/7553767h
7575371h,http://example.com/hotel/id/7575371h
7591596h,http://example.com/hotel/id/7591596h
7641354h,http://example.com/hotel/id/7641354h
7643550h,http://example.com/hotel/id/7643550h
7720948h,http://example.com/hotel/id/7720948h
7730896h,http://example.com/hotel/id/7730896h
7736171h,http://example.com/hotel/id/7736171h
7745429h,http://example.com/hotel/id/7745429h
7754900h,http://example.com/hotel/id/7754900h
7756547h,http://example.com/hotel/id/7756547h
7774298h,http://example.com/hotel/id/7774298h
7832418h,http://example.com/hotel/id/7832418h
739914h,http://example.com/hotel/id/739914h
743147h,http://example.com/hotel/id/743147h
752939h,http://example.com/hotel/id/752939h
779373h,http://example.com/hotel/id/779373h
804686h,http://example.com/hotel/id/804686h
278380h,http://example.com/hotel/id/278380h
280339h,http://example.com/hotel/id/280339h
280910h,http://example.com/hotel/id/280910h
306000h,http://example.com/hotel/id/306000h
510121h,http://example.com/hotel/id/510121h
546221h,http://example.com/hotel/id/546221h
1436845h,http://example.com/hotel/id/1436845h
1457875h,http://example.com/hotel/id/1457875h
1481002h,http://example.com/hotel/id/1481002h
1481002h,http://example.com/hotel/id/1481002h
916673h,http://example.com/hotel/id/916673h
952861h,http://example.com/hotel/id/952861h
979477h,http://example.com/hotel/id/979477h
995338h,http://example.com/hotel/id/995338h
1011881h,http://example.com/hotel/id/1011881h
1015042h,http://example.com/hotel/id/1015042h
1049027h,http://example.com/hotel/id/1049027h
1049209h,http://example.com/hotel/id/1049209h
1051604h,http://example.com/hotel/id/1051604h
1063195h,http://example.com/hotel/id/1063195h
26242212h,http://example.com/hotel/id/26242212h
26306764h,http://example.com/hotel/id/26306764h
26398842h,http://example.com/hotel/id/26398842h
26463120h,http://example.com/hotel/id/26463120h
26483035h,http://example.com/hotel/id/26483035h
26537718h,http://example.com/hotel/id/26537718h
26546731h,http://example.com/hotel/id/26546731h
26609450h,http://example.com/hotel/id/26609450h
26617946h,http://example.com/hotel/id/26617946h
26684094h,http://example.com/hotel/id/26684094h
26685058h,http://example.com/hotel/id/26685058h
26700322h,http://example.com/hotel/id/26700322h
26707727h,http://example.com/hotel/id/26707727h
26723836h,http://example.com/hotel/id/26723836h
26734729h,http://example.com/hotel/id/26734729h
26878946h,http://example.com/hotel/id/26878946h
26902701h,http://example.com/hotel/id/26902701h
26960663h,http://example.com/hotel/id/26960663h
27033712h,http://example.com/hotel/id/27033712h
27456363h,http://example.com/hotel/id/27456363h
27825013h,http://example.com/hotel/id/27825013h
27826630h,http://example.com/hotel/id/27826630h
27962079h,http://example.com/hotel/id/27962079h
27981667h,http://example.com/hotel/id/27981667h
28053246h,http://example.com/hotel/id/28053246h
28184307h,http://example.com/hotel/id/28184307h
28184310h,http://example.com/hotel/id/28184310h
28192892h,http://example.com/hotel/id/28192892h
28214174h,http://example.com/hotel/id/28214174h
28456180h,http://example.com/hotel/id/28456180h
28609672h,http://example.com/hotel/id/28609672h
28662736h,http://example.com/hotel/id/28662736h
28675210h,http://example.com/hotel/id/28675210h
4822225h,http://example.com/hotel/id/4822225h
4842213h,http://example.com/hotel/id/4842213h
4841991h,http://example.com/hotel/id/4841991h
4949600h,http://example.com/hotel/id/4949600h
4979998h,http://example.com/hotel/id/4979998h
4841991h,http://example.com/hotel/id/4841991h
6108856h,http://example.com/hotel/id/6108856h
6109260h,http://example.com/hotel/id/6109260h
6109264h,http://example.com/hotel/id/6109264h
5785660h,http://example.com/hotel/id/5785660h
5872085h,http://example.com/hotel/id/5872085h
5878173h,http://example.com/hotel/id/5878173h
5883194h,http://example.com/hotel/id/5883194h
5884157h,http://example.com/hotel/id/5884157h
5885917h,http://example.com/hotel/id/5885917h
5891776h,http://example.com/hotel/id/5891776h
5892374h,http://example.com/hotel/id/5892374h
5894717h,http://example.com/hotel/id/5894717h
5901285h,http://example.com/hotel/id/5901285h
5903404h,http://example.com/hotel/id/5903404h
5903511h,http://example.com/hotel/id/5903511h
5907540h,http://example.com/hotel/id/5907540h
5908224h,http://example.com/hotel/id/5908224h
5911169h,http://example.com/hotel/id/5911169h
5911415h,http://example.com/hotel/id/5911415h
5912133h,http://example.com/hotel/id/5912133h
5918301h,http://example.com/hotel/id/5918301h
5920727h,http://example.com/hotel/id/5920727h
5952911h,http://example.com/hotel/id/5952911h
5963275h,http://example.com/hotel/id/5963275h
6044861h,http://example.com/hotel/id/6044861h
6058109h,http://example.com/hotel/id/6058109h
28756862h,http://example.com/hotel/id/28756862h
28757120h,http://example.com/hotel/id/28757120h
28757959h,http://example.com/hotel/id/28757959h
28757977h,http://example.com/hotel/id/28757977h
28769024h,http://example.com/hotel/id/28769024h
28777988h,http://example.com/hotel/id/28777988h
28789756h,http://example.com/hotel/id/28789756h
28844857h,http://example.com/hotel/id/28844857h
29000794h,http://example.com/hotel/id/29000794h
29007102h,http://example.com/hotel/id/29007102h
29053655h,http://example.com/hotel/id/29053655h
29053691h,http://example.com/hotel/id/29053691h
29415039h,http://example.com/hotel/id/29415039h
30438998h,http://example.com/hotel/id/30438998h
30504052h,http://example.com/hotel/id/30504052h
30504754h,http://example.com/hotel/id/30504754h
30522857h,http://example.com/hotel/id/30522857h
30644484h,http://example.com/hotel/id/30644484h
30736107h,http://example.com/hotel/id/30736107h
30927563h,http://example.com/hotel/id/30927563h
30946698h,http://example.com/hotel/id/30946698h
31277862h,http://example.com/hotel/id/31277862h
31827676h,http://example.com/hotel/id/31827676h
31827738h,http://example.com/hotel/id/31827738h
31861463h,http://example.com/hotel/id/31861463h
32947262h,http://example.com/hotel/id/32947262h
56214797h,http://example.com/hotel/id/56214797h
56446735h,http://example.com/hotel/id/56446735h
56478942h,http://example.com/hotel/id/56478942h
56522910h,http://example.com/hotel/id/56522910h
56598554h,http://example.com/hotel/id/56598554h
56651595h,http://example.com/hotel/id/56651595h
56705491h,http://example.com/hotel/id/56705491h
56711100h,http://example.com/hotel/id/56711100h
29909111h,http://example.com/hotel/id/29909111h
29948012h,http://example.com/hotel/id/29948012h
29981099h,http://example.com/hotel/id/29981099h
30014678h,http://example.com/hotel/id/30014678h
30021076h,http://example.com/hotel/id/30021076h
30021879h,http://example.com/hotel/id/30021879h
30035305h,http://example.com/hotel/id/30035305h
30047899h,http://example.com/hotel/id/30047899h
30090585h,http://example.com/hotel/id/30090585h
30097763h,http://example.com/hotel/id/30097763h
30097821h,http://example.com/hotel/id/30097821h
30139243h,http://example.com/hotel/id/30139243h
30140581h,http://example.com/hotel/id/30140581h
30147522h,http://example.com/hotel/id/30147522h
30174421h,http://example.com/hotel/id/30174421h
30242708h,http://example.com/hotel/id/30242708h
30251296h,http://example.com/hotel/id/30251296h
30277430h,http://example.com/hotel/id/30277430h
30301927h,http://example.com/hotel/id/30301927h
30302746h,http://example.com/hotel/id/30302746h
30306779h,http://example.com/hotel/id/30306779h
30307361h,http://example.com/hotel/id/30307361h
30308807h,http://example.com/hotel/id/30308807h
30337433h,http://example.com/hotel/id/30337433h
30346525h,http://example.com/hotel/id/30346525h
30347445h,http://example.com/hotel/id/30347445h
30402016h,http://example.com/hotel/id/30402016h
30407987h,http://example.com/hotel/id/30407987h
30409284h,http://example.com/hotel/id/30409284h
10526554h,http://example.com/hotel/id/10526554h
10526572h,http://example.com/hotel/id/10526572h
11330330h,http://example.com/hotel/id/11330330h
11330335h,http://example.com/hotel/id/11330335h
11330332h,http://example.com/hotel/id/11330332h
11330330h,http://example.com/hotel/id/11330330h
1504641h,http://example.com/hotel/id/1504641h
1514587h,http://example.com/hotel/id/1514587h
1535018h,http://example.com/hotel/id/1535018h
1535845h,http://example.com/hotel/id/1535845h
1541365h,http://example.com/hotel/id/1541365h
1064873h,http://example.com/hotel/id/1064873h
1092961h,http://example.com/hotel/id/1092961h
1096141h,http://example.com/hotel/id/1096141h
1106716h,http://example.com/hotel/id/1106716h
1107391h,http://example.com/hotel/id/1107391h
1116194h,http://example.com/hotel/id/1116194h
1127749h,http://example.com/hotel/id/1127749h
1136654h,http://example.com/hotel/id/1136654h
1136841h,http://example.com/hotel/id/1136841h
9054487h,http://example.com/hotel/id/9054487h
9294281h,http://example.com/hotel/id/9294281h
9294078h,http://example.com/hotel/id/9294078h
9294080h,http://example.com/hotel/id/9294080h
9358597h,http://example.com/hotel/id/9358597h
9871323h,http://example.com/hotel/id/9871323h
10332618h,http://example.com/hotel/id/10332618h
10343928h,http://example.com/hotel/id/10343928h
10344021h,http://example.com/hotel/id/10344021h
10352195h,http://example.com/hotel/id/10352195h
10352192h,http://example.com/hotel/id/10352192h
10352198h,http://example.com/hotel/id/10352198h
10352202h,http://example.com/hotel/id/10352202h
10352206h,http://example.com/hotel/id/10352206h
10352207h,http://example.com/hotel/id/10352207h
10352211h,http://example.com/hotel/id/10352211h
10352218h,http://example.com/hotel/id/10352218h
10352219h,http://example.com/hotel/id/10352219h
10524043h,http://example.com/hotel/id/10524043h
10524047h,http://example.com/hotel/id/10524047h
550379h,http://example.com/hotel/id/550379h
569978h,http://example.com/hotel/id/569978h
587108h,http://example.com/hotel/id/587108h
51025456h,http://example.com/hotel/id/51025456h
51222702h,http://example.com/hotel/id/51222702h
51824364h,http://example.com/hotel/id/51824364h
51918515h,http://example.com/hotel/id/51918515h
51956193h,http://example.com/hotel/id/51956193h
52886668h,http://example.com/hotel/id/52886668h
53632218h,http://example.com/hotel/id/53632218h
53806946h,http://example.com/hotel/id/53806946h
53881282h,http://example.com/hotel/id/53881282h
53999203h,http://example.com/hotel/id/53999203h
54427554h,http://example.com/hotel/id/54427554h
54474974h,http://example.com/hotel/id/54474974h
54475112h,http://example.com/hotel/id/54475112h
54475217h,http://example.com/hotel/id/54475217h
54475224h,http://example.com/hotel/id/54475224h
54652699h,http://example.com/hotel/id/54652699h
54873914h,http://example.com/hotel/id/54873914h
55075422h,http://example.com/hotel/id/55075422h
55185046h,http://example.com/hotel/id/55185046h
55209416h,http://example.com/hotel/id/55209416h
55346142h,http://example.com/hotel/id/55346142h
55347999h,http://example.com/hotel/id/55347999h
55605106h,http://example.com/hotel/id/55605106h
55865629h,http://example.com/hotel/id/55865629h
56027180h,http://example.com/hotel/id/56027180h
56071855h,http://example.com/hotel/id/56071855h
56084920h,http://example.com/hotel/id/56084920h
56085005h,http://example.com/hotel/id/56085005h
56085020h,http://example.com/hotel/id/56085020h
56085053h,http://example.com/hotel/id/56085053h
56085075h,http://example.com/hotel/id/56085075h
56085075h,http://example.com/hotel/id/56085075h
56150916h,http://example.com/hotel/id/56150916h
56194854h,http://example.com/hotel/id/56194854h
17835167h,http://example.com/hotel/id/17835167h
18008489h,http://example.com/hotel/id/18008489h
16318627h,http://example.com/hotel/id/16318627h
16528268h,http://example.com/hotel/id/16528268h
16621592h,http://example.com/hotel/id/16621592h
16833188h,http://example.com/hotel/id/16833188h
16843761h,http://example.com/hotel/id/16843761h
16890775h,http://example.com/hotel/id/16890775h
16949846h,http://example.com/hotel/id/16949846h
16995460h,http://example.com/hotel/id/16995460h
17043498h,http://example.com/hotel/id/17043498h
17183802h,http://example.com/hotel/id/17183802h
17226268h,http://example.com/hotel/id/17226268h
17229982h,http://example.com/hotel/id/17229982h
17390148h,http://example.com/hotel/id/17390148h
17444603h,http://example.com/hotel/id/17444603h
17444624h,http://example.com/hotel/id/17444624h
17444904h,http://example.com/hotel/id/17444904h
17512898h,http://example.com/hotel/id/17512898h
17532427h,http://example.com/hotel/id/17532427h
17533843h,http://example.com/hotel/id/17533843h
17534979h,http://example.com/hotel/id/17534979h
17544934h,http://example.com/hotel/id/17544934h
17549646h,http://example.com/hotel/id/17549646h
17554574h,http://example.com/hotel/id/17554574h
17557267h,http://example.com/hotel/id/17557267h
17619057h,http://example.com/hotel/id/17619057h
17793480h,http://example.com/hotel/id/17793480h
17834531h,http://example.com/hotel/id/17834531h
17834546h,http://example.com/hotel/id/17834546h
17834566h,http://example.com/hotel/id/17834566h
4985118h,http://example.com/hotel/id/4985118h
4993716h,http://example.com/hotel/id/4993716h
4999251h,http://example.com/hotel/id/4999251h
5049621h,http://example.com/hotel/id/5049621h
5049734h,http://example.com/hotel/id/5049734h
5049843h,http://example.com/hotel/id/5049843h
5061223h,http://example.com/hotel/id/5061223h
5065298h,http://example.com/hotel/id/5065298h
5120095h,http://example.com/hotel/id/5120095h
5179785h,http://example.com/hotel/id/5179785h
5189543h,http://example.com/hotel/id/5189543h
5230243h,http://example.com/hotel/id/5230243h
5302326h,http://example.com/hotel/id/5302326h
5330926h,http://example.com/hotel/id/5330926h
7988923h,http://example.com/hotel/id/7988923h
7988926h,http://example.com/hotel/id/7988926h
18112026h,http://example.com/hotel/id/18112026h
18286846h,http://example.com/hotel/id/18286846h
18340195h,http://example.com/hotel/id/18340195h
18509174h,http://example.com/hotel/id/18509174h
18509281h,http://example.com/hotel/id/18509281h
18534517h,http://example.com/hotel/id/18534517h
18712428h,http://example.com/hotel/id/18712428h
18760038h,http://example.com/hotel/id/18760038h
18813051h,http://example.com/hotel/id/18813051h
19307691h,http://example.com/hotel/id/19307691h
19348190h,http://example.com/hotel/id/19348190h
19362430h,http://example.com/hotel/id/19362430h
19513101h,http://example.com/hotel/id/19513101h
3153055h,http://example.com/hotel/id/3153055h
3185653h,http://example.com/hotel/id/3185653h
3192583h,http://example.com/hotel/id/3192583h
3278286h,http://example.com/hotel/id/3278286h
3281025h,http://example.com/hotel/id/3281025h
3356472h,http://example.com/hotel/id/3356472h
3359202h,http://example.com/hotel/id/3359202h
3389734h,http://example.com/hotel/id/3389734h
3414568h,http://example.com/hotel/id/3414568h
3471438h,http://example.com/hotel/id/3471438h
3482309h,http://example.com/hotel/id/3482309h
3498798h,http://example.com/hotel/id/3498798h
3533060h,http://example.com/hotel/id/3533060h
3545225h,http://example.com/hotel/id/3545225h
1580067h,http://example.com/hotel/id/1580067h
61090457h,http://example.com/hotel/id/61090457h
61100884h,http://example.com/hotel/id/61100884h
61114082h,http://example.com/hotel/id/61114082h
61165878h,http://example.com/hotel/id/61165878h
61357012h,http://example.com/hotel/id/61357012h
61465403h,http://example.com/hotel/id/61465403h
61567322h,http://example.com/hotel/id/61567322h
61573625h,http://example.com/hotel/id/61573625h
61717587h,http://example.com/hotel/id/61717587h
61728255h,http://example.com/hotel/id/61728255h
61741817h,http://example.com/hotel/id/61741817h
113163876h,http://example.com/hotel/id/113163876h
113164074h,http://example.com/hotel/id/113164074h
113164146h,http://example.com/hotel/id/113164146h
113164237h,http://example.com/hotel/id/113164237h
113163876h,http://example.com/hotel/id/113163876h
113164074h,http://example.com/hotel/id/113164074h
113164146h,http://example.com/hotel/id/113164146h
113164237h,http://example.com/hotel/id/113164237h
113171856h,http://example.com/hotel/id/113171856h
113171856h,http://example.com/hotel/id/113171856h
113564549h,http://example.com/hotel/id/113564549h
114289194h,http://example.com/hotel/id/114289194h
115282741h,http://example.com/hotel/id/115282741h
116215655h,http://example.com/hotel/id/116215655h
49593839h,http://example.com/hotel/id/49593839h
49594143h,http://example.com/hotel/id/49594143h
49595033h,http://example.com/hotel/id/49595033h
49807274h,http://example.com/hotel/id/49807274h
50308536h,http://example.com/hotel/id/50308536h
50353048h,http://example.com/hotel/id/50353048h
50356312h,http://example.com/hotel/id/50356312h
50611971h,http://example.com/hotel/id/50611971h
50809149h,http://example.com/hotel/id/50809149h
50841764h,http://example.com/hotel/id/50841764h
56827407h,http://example.com/hotel/id/56827407h
57297679h,http://example.com/hotel/id/57297679h
57385878h,http://example.com/hotel/id/57385878h
57613527h,http://example.com/hotel/id/57613527h
57739907h,http://example.com/hotel/id/57739907h
58069409h,http://example.com/hotel/id/58069409h
58086658h,http://example.com/hotel/id/58086658h
58229015h,http://example.com/hotel/id/58229015h
59131992h,http://example.com/hotel/id/59131992h
59138963h,http://example.com/hotel/id/59138963h
59209270h,http://example.com/hotel/id/59209270h
59420694h,http://example.com/hotel/id/59420694h
59492165h,http://example.com/hotel/id/59492165h
59491160h,http://example.com/hotel/id/59491160h
59491401h,http://example.com/hotel/id/59491401h
59492195h,http://example.com/hotel/id/59492195h
59492250h,http://example.com/hotel/id/59492250h
59492478h,http://example.com/hotel/id/59492478h
59493677h,http://example.com/hotel/id/59493677h
59519828h,http://example.com/hotel/id/59519828h
59872505h,http://example.com/hotel/id/59872505h
59872532h,http://example.com/hotel/id/59872532h
60055194h,http://example.com/hotel/id/60055194h
60323642h,http://example.com/hotel/id/60323642h
60389409h,http://example.com/hotel/id/60389409h
60452089h,http://example.com/hotel/id/60452089h
60641676h,http://example.com/hotel/id/60641676h
60642328h,http://example.com/hotel/id/60642328h
60732352h,http://example.com/hotel/id/60732352h
60746742h,http://example.com/hotel/id/60746742h
60748351h,http://example.com/hotel/id/60748351h
60767158h,http://example.com/hotel/id/60767158h
60847568h,http://example.com/hotel/id/60847568h
60912347h,http://example.com/hotel/id/60912347h
33035435h,http://example.com/hotel/id/33035435h
33101471h,http://example.com/hotel/id/33101471h
33189243h,http://example.com/hotel/id/33189243h
33229354h,http://example.com/hotel/id/33229354h
33382454h,http://example.com/hotel/id/33382454h
34204337h,http://example.com/hotel/id/34204337h
37857517h,http://example.com/hotel/id/37857517h
37858337h,http://example.com/hotel/id/37858337h
37858682h,http://example.com/hotel/id/37858682h
38251391h,http://example.com/hotel/id/38251391h
38251968h,http://example.com/hotel/id/38251968h
40037779h,http://example.com/hotel/id/40037779h
41069183h,http://example.com/hotel/id/41069183h
41300192h,http://example.com/hotel/id/41300192h
42341625h,http://example.com/hotel/id/42341625h
42748124h,http://example.com/hotel/id/42748124h
42867978h,http://example.com/hotel/id/42867978h
42874514h,http://example.com/hotel/id/42874514h
43031921h,http://example.com/hotel/id/43031921h
43371249h,http://example.com/hotel/id/43371249h
44406603h,http://example.com/hotel/id/44406603h
45316350h,http://example.com/hotel/id/45316350h
45472344h,http://example.com/hotel/id/45472344h
47004857h,http://example.com/hotel/id/47004857h
47166648h,http://example.com/hotel/id/47166648h
47401774h,http://example.com/hotel/id/47401774h
47518776h,http://example.com/hotel/id/47518776h
47902573h,http://example.com/hotel/id/47902573h
48843972h,http://example.com/hotel/id/48843972h
49393251h,http://example.com/hotel/id/49393251h
49573628h,http://example.com/hotel/id/49573628h
49593283h,http://example.com/hotel/id/49593283h
110010967h,http://example.com/hotel/id/110010967h
110041692h,http://example.com/hotel/id/110041692h
110147122h,http://example.com/hotel/id/110147122h
110251555h,http://example.com/hotel/id/110251555h
110407965h,http://example.com/hotel/id/110407965h
110660109h,http://example.com/hotel/id/110660109h
110660372h,http://example.com/hotel/id/110660372h
110664670h,http://example.com/hotel/id/110664670h
110681137h,http://example.com/hotel/id/110681137h
110735133h,http://example.com/hotel/id/110735133h
110831132h,http://example.com/hotel/id/110831132h
111041461h,http://example.com/hotel/id/111041461h
111243216h,http://example.com/hotel/id/111243216h
111445383h,http://example.com/hotel/id/111445383h
112111547h,http://example.com/hotel/id/112111547h
112147576h,http://example.com/hotel/id/112147576h
112168936h,http://example.com/hotel/id/112168936h
113051152h,http://example.com/hotel/id/113051152h
113051152h,http://example.com/hotel/id/113051152h
98433308h,http://example.com/hotel/id/98433308h
98433345h,http://example.com/hotel/id/98433345h
98433742h,http://example.com/hotel/id/98433742h
98433825h,http://example.com/hotel/id/98433825h
98550889h,http://example.com/hotel/id/98550889h
98582250h,http://example.com/hotel/id/98582250h
98784123h,http://example.com/hotel/id/98784123h
99454646h,http://example.com/hotel/id/99454646h
99583717h,http://example.com/hotel/id/99583717h
99703247h,http://example.com/hotel/id/99703247h
100877359h,http://example.com/hotel/id/100877359h
100877359h,http://example.com/hotel/id/100877359h
103331335h,http://example.com/hotel/id/103331335h
104083353h,http://example.com/hotel/id/104083353h
104234251h,http://example.com/hotel/id/104234251h
104830558h,http://example.com/hotel/id/104830558h
105554563h,http://example.com/hotel/id/105554563h
105621651h,http://example.com/hotel/id/105621651h
106090892h,http://example.com/hotel/id/106090892h
106192327h,http://example.com/hotel/id/106192327h
106393048h,http://example.com/hotel/id/106393048h
106996884h,http://example.com/hotel/id/106996884h
107121457h,http://example.com/hotel/id/107121457h
107168152h,http://example.com/hotel/id/107168152h
107607598h,http://example.com/hotel/id/107607598h
108294146h,http://example.com/hotel/id/108294146h
108309815h,http://example.com/hotel/id/108309815h
108516880h,http://example.com/hotel/id/108516880h
108729880h,http://example.com/hotel/id/108729880h
108865646h,http://example.com/hotel/id/108865646h
108865673h,http://example.com/hotel/id/108865673h
109451447h,http://example.com/hotel/id/109451447h
78897920h,http://example.com/hotel/id/78897920h
79309518h,http://example.com/hotel/id/79309518h
79942014h,http://example.com/hotel/id/79942014h
81100403h,http://example.com/hotel/id/81100403h
81100400h,http://example.com/hotel/id/81100400h
81495406h,http://example.com/hotel/id/81495406h
84029894h,http://example.com/hotel/id/84029894h
85749503h,http://example.com/hotel/id/85749503h
85758819h,http://example.com/hotel/id/85758819h
85802924h,http://example.com/hotel/id/85802924h
85845504h,http://example.com/hotel/id/85845504h
86595792h,http://example.com/hotel/id/86595792h
86754328h,http://example.com/hotel/id/86754328h
89425684h,http://example.com/hotel/id/89425684h
90404749h,http://example.com/hotel/id/90404749h
90545243h,http://example.com/hotel/id/90545243h
90682834h,http://example.com/hotel/id/90682834h
91607548h,http://example.com/hotel/id/91607548h
92176916h,http://example.com/hotel/id/92176916h
92263872h,http://example.com/hotel/id/92263872h
93121772h,http://example.com/hotel/id/93121772h
96377064h,http://example.com/hotel/id/96377064h
96743206h,http://example.com/hotel/id/96743206h
96757505h,http://example.com/hotel/id/96757505h
96787014h,http://example.com/hotel/id/96787014h
98407274h,http://example.com/hotel/id/98407274h
98407275h,http://example.com/hotel/id/98407275h
98407311h,http://example.com/hotel/id/98407311h
98412731h,http://example.com/hotel/id/98412731h
98412733h,http://example.com/hotel/id/98412733h
98413370h,http://example.com/hotel/id/98413370h
98432053h,http://example.com/hotel/id/98432053h
66586875h,http://example.com/hotel/id/66586875h
66658603h,http://example.com/hotel/id/66658603h
66660297h,http://example.com/hotel/id/66660297h
66771676h,http://example.com/hotel/id/66771676h
66813051h,http://example.com/hotel/id/66813051h
66813690h,http://example.com/hotel/id/66813690h
66814366h,http://example.com/hotel/id/66814366h
66924306h,http://example.com/hotel/id/66924306h
66969081h,http://example.com/hotel/id/66969081h
66969175h,http://example.com/hotel/id/66969175h
66969326h,http://example.com/hotel/id/66969326h
67013894h,http://example.com/hotel/id/67013894h
67206508h,http://example.com/hotel/id/67206508h
67765140h,http://example.com/hotel/id/67765140h
67863357h,http://example.com/hotel/id/67863357h
67868674h,http://example.com/hotel/id/67868674h
67874379h,http://example.com/hotel/id/67874379h
67920401h,http://example.com/hotel/id/67920401h
68121379h,http://example.com/hotel/id/68121379h
63164854h,http://example.com/hotel/id/63164854h
63190257h,http://example.com/hotel/id/63190257h
63296024h,http://example.com/hotel/id/63296024h
63435869h,http://example.com/hotel/id/63435869h
63608863h,http://example.com/hotel/id/63608863h
63790123h,http://example.com/hotel/id/63790123h
63832005h,http://example.com/hotel/id/63832005h
63859908h,http://example.com/hotel/id/63859908h
63869688h,http://example.com/hotel/id/63869688h
63883252h,http://example.com/hotel/id/63883252h
63885416h,http://example.com/hotel/id/63885416h
63975276h,http://example.com/hotel/id/63975276h
64152343h,http://example.com/hotel/id/64152343h
64363310h,http://example.com/hotel/id/64363310h
64701276h,http://example.com/hotel/id/64701276h
64769038h,http://example.com/hotel/id/64769038h
64785112h,http://example.com/hotel/id/64785112h
64822290h,http://example.com/hotel/id/64822290h
64827562h,http://example.com/hotel/id/64827562h
64845950h,http://example.com/hotel/id/64845950h
64845961h,http://example.com/hotel/id/64845961h
64859000h,http://example.com/hotel/id/64859000h
64868965h,http://example.com/hotel/id/64868965h
64933804h,http://example.com/hotel/id/64933804h
64992591h,http://example.com/hotel/id/64992591h
65037569h,http://example.com/hotel/id/65037569h
65042009h,http://example.com/hotel/id/65042009h
65042333h,http://example.com/hotel/id/65042333h
65043882h,http://example.com/hotel/id/65043882h
65218555h,http://example.com/hotel/id/65218555h
65769542h,http://example.com/hotel/id/65769542h
65770076h,http://example.com/hotel/id/65770076h
66382805h,http://example.com/hotel/id/66382805h
66423173h,http://example.com/hotel/id/66423173h
66424250h,http://example.com/hotel/id/66424250h
66437370h,http://example.com/hotel/id/66437370h
66439260h,http://example.com/hotel/id/66439260h
66424172h,http://example.com/hotel/id/66424172h
61868406h,http://example.com/hotel/id/61868406h
61885625h,http://example.com/hotel/id/61885625h
61888685h,http://example.com/hotel/id/61888685h
61897167h,http://example.com/hotel/id/61897167h
62068054h,http://example.com/hotel/id/62068054h
62479268h,http://example.com/hotel/id/62479268h
63025895h,http://example.com/hotel/id/63025895h
68167138h,http://example.com/hotel/id/68167138h
69383898h,http://example.com/hotel/id/69383898h
69531148h,http://example.com/hotel/id/69531148h
69647678h,http://example.com/hotel/id/69647678h
70206906h,http://example.com/hotel/id/70206906h
71409297h,http://example.com/hotel/id/71409297h
71817207h,http://example.com/hotel/id/71817207h
71828738h,http://example.com/hotel/id/71828738h
72067004h,http://example.com/hotel/id/72067004h
72172868h,http://example.com/hotel/id/72172868h
72177013h,http://example.com/hotel/id/72177013h
72278577h,http://example.com/hotel/id/72278577h
72812966h,http://example.com/hotel/id/72812966h
72988389h,http://example.com/hotel/id/72988389h
73139954h,http://example.com/hotel/id/73139954h
73274620h,http://example.com/hotel/id/73274620h
73499085h,http://example.com/hotel/id/73499085h
73621829h,http://example.com/hotel/id/73621829h
73640935h,http://example.com/hotel/id/73640935h
73879785h,http://example.com/hotel/id/73879785h
73898961h,http://example.com/hotel/id/73898961h
74527699h,http://example.com/hotel/id/74527699h
74665770h,http://example.com/hotel/id/74665770h
74812978h,http://example.com/hotel/id/74812978h
75018491h,http://example.com/hotel/id/75018491h
75721557h,http://example.com/hotel/id/75721557h
75971164h,http://example.com/hotel/id/75971164h
76021053h,http://example.com/hotel/id/76021053h
76355045h,http://example.com/hotel/id/76355045h
76620470h,http://example.com/hotel/id/76620470h
76721707h,http://example.com/hotel/id/76721707h
76724214h,http://example.com/hotel/id/76724214h
76726211h,http://example.com/hotel/id/76726211h
76795105h,http://example.com/hotel/id/76795105h
77416106h,http://example.com/hotel/id/77416106h
77418726h,http://example.com/hotel/id/77418726h
78036841h,http://example.com/hotel/id/78036841h
78054939h,http://example.com/hotel/id/78054939h
